[
  {
    "Número": "01",
    "Título do Artigo": "A base da diferenca",
    "Número da Edição": "68",
    "Mês da Edição": "setembro",
    "Ano da Edição": "2001"
  },
  {
    "Número": "02",
    "Título do Artigo": "A corrida pelo mapeamento",
    "Número da Edição": "52",
    "Mês da Edição": "abril",
    "Ano da Edição": "2000"
  },
  {
    "Número": "03",
    "Título do Artigo": "A favor da mulher",
    "Número da Edição": "101",
    "Mês da Edição": "julho",
    "Ano da Edição": "2004"
  },
  {
    "Número": "04",
    "Título do Artigo": "A flor da pele",
    "Número da Edição": "88",
    "Mês da Edição": "junho",
    "Ano da Edição": "2003"
  },
  {
    "Número": "05",
    "Título do Artigo": "A frente dos desafios tropicais",
    "Número da Edição": "100",
    "Mês da Edição": "junho",
    "Ano da Edição": "2004"
  },
  {
    "Número": "06",
    "Título do Artigo": "A historia das proteinas",
    "Número da Edição": "54",
    "Mês da Edição": "junho",
    "Ano da Edição": "2000"
  },
  {
    "Número": "07",
    "Título do Artigo": "A insulina do figado",
    "Número da Edição": "83",
    "Mês da Edição": "janeiro",
    "Ano da Edição": "2003"
  },
  {
    "Número": "08",
    "Título do Artigo": "A liberacao das arterias",
    "Número da Edição": "77",
    "Mês da Edição": "julho",
    "Ano da Edição": "2002"
  },
  {
    "Número": "09",
    "Título do Artigo": "A liga dos neuronios",
    "Número da Edição": "94",
    "Mês da Edição": "dezembro",
    "Ano da Edição": "2003"
  },
  {
    "Número": "10",
    "Título do Artigo": "A prova de luz",
    "Número da Edição": "106",
    "Mês da Edição": "dezembro",
    "Ano da Edição": "2004"
  },
  {
    "Número": "11",
    "Título do Artigo": "A raiva se espalha",
    "Número da Edição": "72",
    "Mês da Edição": "fevereiro",
    "Ano da Edição": "2002"
  },
  {
    "Número": "12",
    "Título do Artigo": "A solucao que salva",
    "Número da Edição": "78",
    "Mês da Edição": "agosto",
    "Ano da Edição": "2002"
  },
  {
    "Número": "13",
    "Título do Artigo": "A vitamina que vem das varzeas",
    "Número da Edição": "64",
    "Mês da Edição": "maio",
    "Ano da Edição": "2001"
  },
  {
    "Número": "14",
    "Título do Artigo": "Acaso e sucesso",
    "Número da Edição": "78",
    "Mês da Edição": "agosto",
    "Ano da Edição": "2002"
  },
  {
    "Número": "15",
    "Título do Artigo": "Africa do Sul usa sangue de boi em humanos",
    "Número da Edição": "64",
    "Mês da Edição": "maio",
    "Ano da Edição": "2001"
  },
  {
    "Número": "16",
    "Título do Artigo": "Agulha monitora transplante",
    "Número da Edição": "99",
    "Mês da Edição": "maio",
    "Ano da Edição": "2004"
  },
  {
    "Número": "17",
    "Título do Artigo": "Alem do DNA",
    "Número da Edição": "78",
    "Mês da Edição": "agosto",
    "Ano da Edição": "2002"
  },
  {
    "Número": "18",
    "Título do Artigo": "Alivio para queimaduras",
    "Número da Edição": "89",
    "Mês da Edição": "julho",
    "Ano da Edição": "2003"
  },
  {
    "Número": "19",
    "Título do Artigo": "Alternativa em gestacao",
    "Número da Edição": "98",
    "Mês da Edição": "abril",
    "Ano da Edição": "2004"
  },
  {
    "Número": "20",
    "Título do Artigo": "Alternativa para falar melhor",
    "Número da Edição": "55",
    "Mês da Edição": "julho",
    "Ano da Edição": "2000"
  },
  {
    "Número": "21",
    "Título do Artigo": "Aluma - Novo medicamento a partir do boldo",
    "Número da Edição": "53",
    "Mês da Edição": "maio",
    "Ano da Edição": "2000"
  },
  {
    "Número": "22",
    "Título do Artigo": "Amazonia contra a malaria",
    "Número da Edição": "100",
    "Mês da Edição": "junho",
    "Ano da Edição": "2004"
  },
  {
    "Número": "23",
    "Título do Artigo": "Amostras de saude",
    "Número da Edição": "83",
    "Mês da Edição": "janeiro",
    "Ano da Edição": "2003"
  },
  {
    "Número": "24",
    "Título do Artigo": "Amplo espectro",
    "Número da Edição": "74",
    "Mês da Edição": "abril",
    "Ano da Edição": "2002"
  },
  {
    "Número": "25",
    "Título do Artigo": "Anestesico eficiente com menor risco",
    "Número da Edição": "61",
    "Mês da Edição": "janeiro",
    "Ano da Edição": "2001"
  },
  {
    "Número": "26",
    "Título do Artigo": "Antibiotico extraido da aranha",
    "Número da Edição": "56",
    "Mês da Edição": "agosto",
    "Ano da Edição": "2000"
  },
  {
    "Número": "27",
    "Título do Artigo": "Antiofidico de cascavel fica mais leve",
    "Número da Edição": "55",
    "Mês da Edição": "julho",
    "Ano da Edição": "2000"
  },
  {
    "Número": "28",
    "Título do Artigo": "Aparelho ortopedico facilita recuperacao",
    "Número da Edição": "52",
    "Mês da Edição": "abril",
    "Ano da Edição": "2000"
  },
  {
    "Número": "29",
    "Título do Artigo": "Apoio artificial",
    "Número da Edição": "80",
    "Mês da Edição": "outubro",
    "Ano da Edição": "2002"
  },
  {
    "Número": "30",
    "Título do Artigo": "Aposta contra o cancer",
    "Número da Edição": "86",
    "Mês da Edição": "abril",
    "Ano da Edição": "2003"
  },
  {
    "Número": "31",
    "Título do Artigo": "Arma a laser contra o cancer",
    "Número da Edição": "74",
    "Mês da Edição": "abril",
    "Ano da Edição": "2002"
  },
  {
    "Número": "32",
    "Título do Artigo": "Arma contra o melanoma",
    "Número da Edição": "73",
    "Mês da Edição": "marco",
    "Ano da Edição": "2002"
  },
  {
    "Número": "33",
    "Título do Artigo": "Arnica e pos-doutoramento",
    "Número da Edição": "77",
    "Mês da Edição": "julho",
    "Ano da Edição": "2002"
  },
  {
    "Número": "34",
    "Título do Artigo": "Arteria de boi substitui a humana",
    "Número da Edição": "78",
    "Mês da Edição": "agosto",
    "Ano da Edição": "2002"
  },
  {
    "Número": "35",
    "Título do Artigo": "As bases da malaria",
    "Número da Edição": "81",
    "Mês da Edição": "novembro",
    "Ano da Edição": "2002"
  },
  {
    "Número": "36",
    "Título do Artigo": "As causas da \"barriga de cerveja\"",
    "Número da Edição": "71",
    "Mês da Edição": "janeiro",
    "Ano da Edição": "2002"
  },
  {
    "Número": "37",
    "Título do Artigo": "As celulas de mil faces",
    "Número da Edição": "89",
    "Mês da Edição": "julho",
    "Ano da Edição": "2003"
  },
  {
    "Número": "38",
    "Título do Artigo": "Ataque ao parasita",
    "Número da Edição": "85",
    "Mês da Edição": "marco",
    "Ano da Edição": "2003"
  },
  {
    "Número": "39",
    "Título do Artigo": "Ataque contra o Panico",
    "Número da Edição": "84",
    "Mês da Edição": "fevereiro",
    "Ano da Edição": "2003"
  },
  {
    "Número": "40",
    "Título do Artigo": "Avanca na Europa a telemedicina",
    "Número da Edição": "89",
    "Mês da Edição": "julho",
    "Ano da Edição": "2003"
  },
  {
    "Número": "41",
    "Título do Artigo": "Avanco na pesquisa do mal da \"vaca louca\"",
    "Número da Edição": "66",
    "Mês da Edição": "julho",
    "Ano da Edição": "2001"
  },
  {
    "Número": "42",
    "Título do Artigo": "Avanco sobre o cancer",
    "Número da Edição": "68",
    "Mês da Edição": "setembro",
    "Ano da Edição": "2001"
  },
  {
    "Número": "43",
    "Título do Artigo": "Avancos na medicina microeletronica",
    "Número da Edição": "93",
    "Mês da Edição": "novembro",
    "Ano da Edição": "2003"
  },
  {
    "Número": "44",
    "Título do Artigo": "Bebes a salvo",
    "Número da Edição": "70",
    "Mês da Edição": "novembro",
    "Ano da Edição": "2001"
  },
  {
    "Número": "45",
    "Título do Artigo": "Beneficios extras do acafrao",
    "Número da Edição": "99",
    "Mês da Edição": "maio",
    "Ano da Edição": "2004"
  },
  {
    "Número": "46",
    "Título do Artigo": "Bloqueio a vaca louca",
    "Número da Edição": "96",
    "Mês da Edição": "fevereiro",
    "Ano da Edição": "2004"
  },
  {
    "Número": "47",
    "Título do Artigo": "Butantan equilibra linha de producao e pesquisa",
    "Número da Edição": "66",
    "Mês da Edição": "julho",
    "Ano da Edição": "2001"
  },
  {
    "Número": "48",
    "Título do Artigo": "Cacadores de genes",
    "Número da Edição": "74",
    "Mês da Edição": "abril",
    "Ano da Edição": "2002"
  },
  {
    "Número": "49",
    "Título do Artigo": "Cacadores de genes",
    "Número da Edição": "74",
    "Mês da Edição": "abril",
    "Ano da Edição": "2002"
  },
  {
    "Número": "50",
    "Título do Artigo": "Canadense testa nova insulina",
    "Número da Edição": "86",
    "Mês da Edição": "abril",
    "Ano da Edição": "2003"
  },
  {
    "Número": "51",
    "Título do Artigo": "Cancer",
    "Número da Edição": "100",
    "Mês da Edição": "junho",
    "Ano da Edição": "2004"
  },
  {
    "Número": "52",
    "Título do Artigo": "Cancer, esperancas divididas",
    "Número da Edição": "99",
    "Mês da Edição": "maio",
    "Ano da Edição": "2004"
  },
  {
    "Número": "53",
    "Título do Artigo": "Catuama no coracao",
    "Número da Edição": "91",
    "Mês da Edição": "setembro",
    "Ano da Edição": "2003"
  },
  {
    "Número": "54",
    "Título do Artigo": "Celulas polivalentes",
    "Número da Edição": "106",
    "Mês da Edição": "dezembro",
    "Ano da Edição": "2004"
  },
  {
    "Número": "55",
    "Título do Artigo": "Celulas progenitoras",
    "Número da Edição": "97",
    "Mês da Edição": "marco",
    "Ano da Edição": "2004"
  },
  {
    "Número": "56",
    "Título do Artigo": "Celulose na pele",
    "Número da Edição": "101",
    "Mês da Edição": "julho",
    "Ano da Edição": "2004"
  },
  {
    "Número": "57",
    "Título do Artigo": "Cerco a proteina mortal",
    "Número da Edição": "72",
    "Mês da Edição": "fevereiro",
    "Ano da Edição": "2002"
  },
  {
    "Número": "58",
    "Título do Artigo": "Cerco integrado a um inimigo poderoso",
    "Número da Edição": "57",
    "Mês da Edição": "setembro",
    "Ano da Edição": "2000"
  },
  {
    "Número": "59",
    "Título do Artigo": "Ciencias Biologicas",
    "Número da Edição": "69",
    "Mês da Edição": "outubro",
    "Ano da Edição": "2001"
  },
  {
    "Número": "60",
    "Título do Artigo": "Circuitos do medo",
    "Número da Edição": "74",
    "Mês da Edição": "abril",
    "Ano da Edição": "2002"
  },
  {
    "Número": "61",
    "Título do Artigo": "Cirurgia sem sangue",
    "Número da Edição": "98",
    "Mês da Edição": "abril",
    "Ano da Edição": "2004"
  },
  {
    "Número": "62",
    "Título do Artigo": "Clonagem com chancela do governo",
    "Número da Edição": "103",
    "Mês da Edição": "setembro",
    "Ano da Edição": "2004"
  },
  {
    "Número": "63",
    "Título do Artigo": "Clonagem de embriao humano",
    "Número da Edição": "61",
    "Mês da Edição": "janeiro",
    "Ano da Edição": "2001"
  },
  {
    "Número": "64",
    "Título do Artigo": "Clonagem humana: conhecer para opinar",
    "Número da Edição": "73",
    "Mês da Edição": "marco",
    "Ano da Edição": "2002"
  },
  {
    "Número": "65",
    "Título do Artigo": "Clonagem na boca do planeta",
    "Número da Edição": "75",
    "Mês da Edição": "maio",
    "Ano da Edição": "2002"
  },
  {
    "Número": "66",
    "Título do Artigo": "Colesterol 1 Aspirina 0",
    "Número da Edição": "61",
    "Mês da Edição": "janeiro",
    "Ano da Edição": "2001"
  },
  {
    "Número": "67",
    "Título do Artigo": "Como comunicar os riscos da cura?",
    "Número da Edição": "80",
    "Mês da Edição": "outubro",
    "Ano da Edição": "2002"
  },
  {
    "Número": "68",
    "Título do Artigo": "Como corrigir defeitos de nascimento",
    "Número da Edição": "71",
    "Mês da Edição": "janeiro",
    "Ano da Edição": "2002"
  },
  {
    "Número": "69",
    "Título do Artigo": "Comprovada acao da caramboleira",
    "Número da Edição": "52",
    "Mês da Edição": "abril",
    "Ano da Edição": "2000"
  },
  {
    "Número": "70",
    "Título do Artigo": "Conexao reativada",
    "Número da Edição": "80",
    "Mês da Edição": "outubro",
    "Ano da Edição": "2002"
  },
  {
    "Número": "71",
    "Título do Artigo": "Contra a hepatite e o HIV",
    "Número da Edição": "106",
    "Mês da Edição": "dezembro",
    "Ano da Edição": "2004"
  },
  {
    "Número": "72",
    "Título do Artigo": "Contra dor no coracao",
    "Número da Edição": "73",
    "Mês da Edição": "marco",
    "Ano da Edição": "2002"
  },
  {
    "Número": "73",
    "Título do Artigo": "Controle sobre a rubeola",
    "Número da Edição": "61",
    "Mês da Edição": "janeiro",
    "Ano da Edição": "2001"
  },
  {
    "Número": "74",
    "Título do Artigo": "Coracao restaurado",
    "Número da Edição": "89",
    "Mês da Edição": "julho",
    "Ano da Edição": "2003"
  },
  {
    "Número": "75",
    "Título do Artigo": "Curativo de borracha",
    "Número da Edição": "88",
    "Mês da Edição": "junho",
    "Ano da Edição": "2003"
  },
  {
    "Número": "76",
    "Título do Artigo": "Da malaria as doencas emergentes",
    "Número da Edição": "73",
    "Mês da Edição": "marco",
    "Ano da Edição": "2002"
  },
  {
    "Número": "77",
    "Título do Artigo": "Decifrando o codigo de proteinas",
    "Número da Edição": "72",
    "Mês da Edição": "fevereiro",
    "Ano da Edição": "2002"
  },
  {
    "Número": "78",
    "Título do Artigo": "Defesa modulada",
    "Número da Edição": "84",
    "Mês da Edição": "fevereiro",
    "Ano da Edição": "2003"
  },
  {
    "Número": "79",
    "Título do Artigo": "Defesa programada contra o cancer",
    "Número da Edição": "52",
    "Mês da Edição": "abril",
    "Ano da Edição": "2000"
  },
  {
    "Número": "80",
    "Título do Artigo": "Detalhes do movimento",
    "Número da Edição": "82",
    "Mês da Edição": "dezembro",
    "Ano da Edição": "2002"
  },
  {
    "Número": "81",
    "Título do Artigo": "Diagnostico antecipado",
    "Número da Edição": "101",
    "Mês da Edição": "julho",
    "Ano da Edição": "2004"
  },
  {
    "Número": "82",
    "Título do Artigo": "Diagnostico da diabetes pelo olho",
    "Número da Edição": "71",
    "Mês da Edição": "janeiro",
    "Ano da Edição": "2002"
  },
  {
    "Número": "83",
    "Título do Artigo": "Diagnostico da doenca de Chagas",
    "Número da Edição": "87",
    "Mês da Edição": "maio",
    "Ano da Edição": "2003"
  },
  {
    "Número": "84",
    "Título do Artigo": "Diagnostico de morte celular",
    "Número da Edição": "98",
    "Mês da Edição": "abril",
    "Ano da Edição": "2004"
  },
  {
    "Número": "85",
    "Título do Artigo": "Diagnostico para reabsorcao dentaria",
    "Número da Edição": "96",
    "Mês da Edição": "fevereiro",
    "Ano da Edição": "2004"
  },
  {
    "Número": "86",
    "Título do Artigo": "Diferenca minima",
    "Número da Edição": "96",
    "Mês da Edição": "fevereiro",
    "Ano da Edição": "2004"
  },
  {
    "Número": "87",
    "Título do Artigo": "Dose semanal",
    "Número da Edição": "95",
    "Mês da Edição": "janeiro",
    "Ano da Edição": "2004"
  },
  {
    "Número": "88",
    "Título do Artigo": "Drogas mais eficazes com lipossomas",
    "Número da Edição": "71",
    "Mês da Edição": "janeiro",
    "Ano da Edição": "2002"
  },
  {
    "Número": "89",
    "Título do Artigo": "Ecos da separacao",
    "Número da Edição": "91",
    "Mês da Edição": "setembro",
    "Ano da Edição": "2003"
  },
  {
    "Número": "90",
    "Título do Artigo": "Efeitos inesperados do oxido nitrico",
    "Número da Edição": "78",
    "Mês da Edição": "agosto",
    "Ano da Edição": "2002"
  },
  {
    "Número": "91",
    "Título do Artigo": "Eficacia Comprovada",
    "Número da Edição": "74",
    "Mês da Edição": "abril",
    "Ano da Edição": "2002"
  },
  {
    "Número": "92",
    "Título do Artigo": "Em busca dos males da mitocondria",
    "Número da Edição": "77",
    "Mês da Edição": "julho",
    "Ano da Edição": "2002"
  },
  {
    "Número": "93",
    "Título do Artigo": "Em contato com os medicos",
    "Número da Edição": "60",
    "Mês da Edição": "dezembro",
    "Ano da Edição": "2000"
  },
  {
    "Número": "94",
    "Título do Artigo": "Empresa lanca curativo de latex",
    "Número da Edição": "101",
    "Mês da Edição": "julho",
    "Ano da Edição": "2004"
  },
  {
    "Número": "95",
    "Título do Artigo": "Engenharia Genetica",
    "Número da Edição": "93",
    "Mês da Edição": "novembro",
    "Ano da Edição": "2003"
  },
  {
    "Número": "96",
    "Título do Artigo": "Entre o bem e o mal",
    "Número da Edição": "90",
    "Mês da Edição": "agosto",
    "Ano da Edição": "2003"
  },
  {
    "Número": "97",
    "Título do Artigo": "Enzima denuncia Alzheimer",
    "Número da Edição": "72",
    "Mês da Edição": "fevereiro",
    "Ano da Edição": "2002"
  },
  {
    "Número": "98",
    "Título do Artigo": "Epidemiologia",
    "Número da Edição": "76",
    "Mês da Edição": "junho",
    "Ano da Edição": "2002"
  },
  {
    "Número": "99",
    "Título do Artigo": "Epiderme sensivel",
    "Número da Edição": "89",
    "Mês da Edição": "julho",
    "Ano da Edição": "2003"
  },
  {
    "Número": "100",
    "Título do Artigo": "Ervas medicinais sao contestadas",
    "Número da Edição": "80",
    "Mês da Edição": "outubro",
    "Ano da Edição": "2002"
  },
  {
    "Número": "101",
    "Título do Artigo": "Ervas medicinais sao contestadas",
    "Número da Edição": "80",
    "Mês da Edição": "outubro",
    "Ano da Edição": "2002"
  },
  {
    "Número": "102",
    "Título do Artigo": "Ervas na berlinda",
    "Número da Edição": "89",
    "Mês da Edição": "julho",
    "Ano da Edição": "2003"
  },
  {
    "Número": "103",
    "Título do Artigo": "Esperanca para quando o leite secar",
    "Número da Edição": "91",
    "Mês da Edição": "setembro",
    "Ano da Edição": "2003"
  },
  {
    "Número": "104",
    "Título do Artigo": "Estado de alerta",
    "Número da Edição": "78",
    "Mês da Edição": "agosto",
    "Ano da Edição": "2002"
  },
  {
    "Número": "105",
    "Título do Artigo": "Experimentos com animais atestam a possibilidade de mudancas no comportamento sexual que podem ocorrer durante a gravidez como efeito de pesticidas e antialergicos",
    "Número da Edição": "79",
    "Mês da Edição": "setembro",
    "Ano da Edição": "2002"
  },
  {
    "Número": "106",
    "Título do Artigo": "Fabrica de moleculas",
    "Número da Edição": "100",
    "Mês da Edição": "junho",
    "Ano da Edição": "2004"
  },
  {
    "Número": "107",
    "Título do Artigo": "Farmacia marinha na UFRJ",
    "Número da Edição": "54",
    "Mês da Edição": "junho",
    "Ano da Edição": "2000"
  },
  {
    "Número": "108",
    "Título do Artigo": "Farmacologia -  Protecao para a pele",
    "Número da Edição": "105",
    "Mês da Edição": "novembro",
    "Ano da Edição": "2004"
  },
  {
    "Número": "109",
    "Título do Artigo": "Febre apos isquemia aumenta risco de Alzheimer",
    "Número da Edição": "66",
    "Mês da Edição": "julho",
    "Ano da Edição": "2001"
  },
  {
    "Número": "110",
    "Título do Artigo": "Febre maculosa volta a preocupar",
    "Número da Edição": "89",
    "Mês da Edição": "julho",
    "Ano da Edição": "2003"
  },
  {
    "Número": "111",
    "Título do Artigo": "Febre reumatica",
    "Número da Edição": "99",
    "Mês da Edição": "maio",
    "Ano da Edição": "2004"
  },
  {
    "Número": "112",
    "Título do Artigo": "Ferro na tuberculose",
    "Número da Edição": "97",
    "Mês da Edição": "marco",
    "Ano da Edição": "2004"
  },
  {
    "Número": "113",
    "Título do Artigo": "Folego curto",
    "Número da Edição": "86",
    "Mês da Edição": "abril",
    "Ano da Edição": "2003"
  },
  {
    "Número": "114",
    "Título do Artigo": "Forma e funcao",
    "Número da Edição": "105",
    "Mês da Edição": "novembro",
    "Ano da Edição": "2004"
  },
  {
    "Número": "115",
    "Título do Artigo": "Fortalezas antivirus",
    "Número da Edição": "93",
    "Mês da Edição": "novembro",
    "Ano da Edição": "2003"
  },
  {
    "Número": "116",
    "Título do Artigo": "Frente de combate a tuberculose",
    "Número da Edição": "74",
    "Mês da Edição": "abril",
    "Ano da Edição": "2002"
  },
  {
    "Número": "117",
    "Título do Artigo": "Fuga do labirinto",
    "Número da Edição": "91",
    "Mês da Edição": "setembro",
    "Ano da Edição": "2003"
  },
  {
    "Número": "118",
    "Título do Artigo": "Gene bovino da medicamentos",
    "Número da Edição": "61",
    "Mês da Edição": "janeiro",
    "Ano da Edição": "2001"
  },
  {
    "Número": "119",
    "Título do Artigo": "Genes ajudam a diagnosticar cancer",
    "Número da Edição": "84",
    "Mês da Edição": "fevereiro",
    "Ano da Edição": "2003"
  },
  {
    "Número": "120",
    "Título do Artigo": "Genoma Cancer amplia metas",
    "Número da Edição": "52",
    "Mês da Edição": "abril",
    "Ano da Edição": "2000"
  },
  {
    "Número": "121",
    "Título do Artigo": "Genoma humano e a era pos- genomica no Brasil",
    "Número da Edição": "54",
    "Mês da Edição": "junho",
    "Ano da Edição": "2000"
  },
  {
    "Número": "122",
    "Título do Artigo": "Gigante e com vida",
    "Número da Edição": "106",
    "Mês da Edição": "dezembro",
    "Ano da Edição": "2004"
  },
  {
    "Número": "123",
    "Título do Artigo": "Golpe na epilepsia pos-traumatica",
    "Número da Edição": "66",
    "Mês da Edição": "julho",
    "Ano da Edição": "2001"
  },
  {
    "Número": "124",
    "Título do Artigo": "Homocisteina, um alerta cardiaco",
    "Número da Edição": "60",
    "Mês da Edição": "dezembro",
    "Ano da Edição": "2000"
  },
  {
    "Número": "125",
    "Título do Artigo": "Hormonio de crescimento em tamanho grande",
    "Número da Edição": "65",
    "Mês da Edição": "junho",
    "Ano da Edição": "2001"
  },
  {
    "Número": "126",
    "Título do Artigo": "Hormonio de crescimento",
    "Número da Edição": "84",
    "Mês da Edição": "fevereiro",
    "Ano da Edição": "2003"
  },
  {
    "Número": "127",
    "Título do Artigo": "Idosos com sono nota dez",
    "Número da Edição": "54",
    "Mês da Edição": "junho",
    "Ano da Edição": "2000"
  },
  {
    "Número": "128",
    "Título do Artigo": "Imagens radiologicas com mais nitidez",
    "Número da Edição": "74",
    "Mês da Edição": "abril",
    "Ano da Edição": "2002"
  },
  {
    "Número": "129",
    "Título do Artigo": "Incor amplia area de laboratorios",
    "Número da Edição": "72",
    "Mês da Edição": "fevereiro",
    "Ano da Edição": "2002"
  },
  {
    "Número": "130",
    "Título do Artigo": "Infarto - O que causa ou evita",
    "Número da Edição": "79",
    "Mês da Edição": "setembro",
    "Ano da Edição": "2002"
  },
  {
    "Número": "131",
    "Título do Artigo": "Infeccoes ligadas a esquistossomose",
    "Número da Edição": "90",
    "Mês da Edição": "agosto",
    "Ano da Edição": "2003"
  },
  {
    "Número": "132",
    "Título do Artigo": "Inseto suspeito de infeccao hospitalar",
    "Número da Edição": "69",
    "Mês da Edição": "outubro",
    "Ano da Edição": "2001"
  },
  {
    "Número": "133",
    "Título do Artigo": "Insulina para correr mais",
    "Número da Edição": "91",
    "Mês da Edição": "setembro",
    "Ano da Edição": "2003"
  },
  {
    "Número": "134",
    "Título do Artigo": "Jogo vicia mais que alcool",
    "Número da Edição": "86",
    "Mês da Edição": "abril",
    "Ano da Edição": "2003"
  },
  {
    "Número": "135",
    "Título do Artigo": "Laser no interior do corpo humano",
    "Número da Edição": "59",
    "Mês da Edição": "novembro",
    "Ano da Edição": "2000"
  },
  {
    "Número": "136",
    "Título do Artigo": "Lembrancas preservadas",
    "Número da Edição": "98",
    "Mês da Edição": "abril",
    "Ano da Edição": "2004"
  },
  {
    "Número": "137",
    "Título do Artigo": "Luz nas arcadas",
    "Número da Edição": "96",
    "Mês da Edição": "fevereiro",
    "Ano da Edição": "2004"
  },
  {
    "Número": "138",
    "Título do Artigo": "Luz no interior da celula viva",
    "Número da Edição": "58",
    "Mês da Edição": "outubro",
    "Ano da Edição": "2000"
  },
  {
    "Número": "139",
    "Título do Artigo": "Luz nos Estados Unidos",
    "Número da Edição": "94",
    "Mês da Edição": "dezembro",
    "Ano da Edição": "2003"
  },
  {
    "Número": "140",
    "Título do Artigo": "Mais conforto e eficiencia",
    "Número da Edição": "89",
    "Mês da Edição": "julho",
    "Ano da Edição": "2003"
  },
  {
    "Número": "141",
    "Título do Artigo": "Mais duvidas do que certezas no dominio da tecnica",
    "Número da Edição": "73",
    "Mês da Edição": "marco",
    "Ano da Edição": "2002"
  },
  {
    "Número": "142",
    "Título do Artigo": "Mais pesquisa e ganhos no atendimento medico",
    "Número da Edição": "66",
    "Mês da Edição": "julho",
    "Ano da Edição": "2001"
  },
  {
    "Número": "143",
    "Título do Artigo": "Mais provas dos beneficios do alcool",
    "Número da Edição": "84",
    "Mês da Edição": "fevereiro",
    "Ano da Edição": "2003"
  },
  {
    "Número": "144",
    "Título do Artigo": "Mal da vaca louca ataca felinos",
    "Número da Edição": "63",
    "Mês da Edição": "abril",
    "Ano da Edição": "2001"
  },
  {
    "Número": "145",
    "Título do Artigo": "Mal transmitido em transfusoes",
    "Número da Edição": "83",
    "Mês da Edição": "janeiro",
    "Ano da Edição": "2003"
  },
  {
    "Número": "146",
    "Título do Artigo": "Manipuladores de cerebros",
    "Número da Edição": "77",
    "Mês da Edição": "julho",
    "Ano da Edição": "2002"
  },
  {
    "Número": "147",
    "Título do Artigo": "Marcador detecta cancer",
    "Número da Edição": "62",
    "Mês da Edição": "marco",
    "Ano da Edição": "2001"
  },
  {
    "Número": "148",
    "Título do Artigo": "Medicamento na semente de jaca",
    "Número da Edição": "96",
    "Mês da Edição": "fevereiro",
    "Ano da Edição": "2004"
  },
  {
    "Número": "149",
    "Título do Artigo": "Medicamentos a base de virus",
    "Número da Edição": "78",
    "Mês da Edição": "agosto",
    "Ano da Edição": "2002"
  },
  {
    "Número": "150",
    "Título do Artigo": "Medicamentos da terra",
    "Número da Edição": "100",
    "Mês da Edição": "junho",
    "Ano da Edição": "2004"
  },
  {
    "Número": "151",
    "Título do Artigo": "Medicamentos para tratar Alzheimer",
    "Número da Edição": "101",
    "Mês da Edição": "julho",
    "Ano da Edição": "2004"
  },
  {
    "Número": "152",
    "Título do Artigo": "Microagulhas sem dor",
    "Número da Edição": "95",
    "Mês da Edição": "janeiro",
    "Ano da Edição": "2004"
  },
  {
    "Número": "153",
    "Título do Artigo": "Microscopio mapeia canais em celulas vivas",
    "Número da Edição": "61",
    "Mês da Edição": "janeiro",
    "Ano da Edição": "2001"
  },
  {
    "Número": "154",
    "Título do Artigo": "Muito alem do nanismo",
    "Número da Edição": "82",
    "Mês da Edição": "dezembro",
    "Ano da Edição": "2002"
  },
  {
    "Número": "155",
    "Título do Artigo": "Mutacoes fatais",
    "Número da Edição": "81",
    "Mês da Edição": "novembro",
    "Ano da Edição": "2002"
  },
  {
    "Número": "156",
    "Título do Artigo": "Na batida natural",
    "Número da Edição": "78",
    "Mês da Edição": "agosto",
    "Ano da Edição": "2002"
  },
  {
    "Número": "157",
    "Título do Artigo": "Na raiz do lupus",
    "Número da Edição": "75",
    "Mês da Edição": "maio",
    "Ano da Edição": "2002"
  },
  {
    "Número": "158",
    "Título do Artigo": "Nas ondas do cerebro",
    "Número da Edição": "74",
    "Mês da Edição": "abril",
    "Ano da Edição": "2002"
  },
  {
    "Número": "159",
    "Título do Artigo": "Nas origens do mal de Alzheimer",
    "Número da Edição": "96",
    "Mês da Edição": "fevereiro",
    "Ano da Edição": "2004"
  },
  {
    "Número": "160",
    "Título do Artigo": "No coracao dos genes",
    "Número da Edição": "94",
    "Mês da Edição": "dezembro",
    "Ano da Edição": "2003"
  },
  {
    "Número": "161",
    "Título do Artigo": "Nova base para drogas anti-HIV",
    "Número da Edição": "87",
    "Mês da Edição": "maio",
    "Ano da Edição": "2003"
  },
  {
    "Número": "162",
    "Título do Artigo": "Nova tecnica para tratar doenca ocular",
    "Número da Edição": "78",
    "Mês da Edição": "agosto",
    "Ano da Edição": "2002"
  },
  {
    "Número": "163",
    "Título do Artigo": "Novidade do oriente",
    "Número da Edição": "97",
    "Mês da Edição": "marco",
    "Ano da Edição": "2004"
  },
  {
    "Número": "164",
    "Título do Artigo": "Novo diagnostico para cancer de boca",
    "Número da Edição": "64",
    "Mês da Edição": "maio",
    "Ano da Edição": "2001"
  },
  {
    "Número": "165",
    "Título do Artigo": "O alivio do sal",
    "Número da Edição": "104",
    "Mês da Edição": "outubro",
    "Ano da Edição": "2004"
  },
  {
    "Número": "166",
    "Título do Artigo": "O alvo e a saude humana",
    "Número da Edição": "81",
    "Mês da Edição": "novembro",
    "Ano da Edição": "2002"
  },
  {
    "Número": "167",
    "Título do Artigo": "O avesso de Narciso",
    "Número da Edição": "103",
    "Mês da Edição": "setembro",
    "Ano da Edição": "2004"
  },
  {
    "Número": "168",
    "Título do Artigo": "O cigarro, o DNA e o cancer de pulmao",
    "Número da Edição": "92",
    "Mês da Edição": "outubro",
    "Ano da Edição": "2003"
  },
  {
    "Número": "169",
    "Título do Artigo": "O espaco sideral para os hospitais",
    "Número da Edição": "71",
    "Mês da Edição": "janeiro",
    "Ano da Edição": "2002"
  },
  {
    "Número": "170",
    "Título do Artigo": "O Genoma Humano 50 anos apos a descoberta da dupla helice do",
    "Número da Edição": "86",
    "Mês da Edição": "abril",
    "Ano da Edição": "2003"
  },
  {
    "Número": "171",
    "Título do Artigo": "O papel dos esquecidos",
    "Número da Edição": "100",
    "Mês da Edição": "junho",
    "Ano da Edição": "2004"
  },
  {
    "Número": "172",
    "Título do Artigo": "O prazer da gordura",
    "Número da Edição": "99",
    "Mês da Edição": "maio",
    "Ano da Edição": "2004"
  },
  {
    "Número": "173",
    "Título do Artigo": "O primeiro mapa de Down",
    "Número da Edição": "76",
    "Mês da Edição": "junho",
    "Ano da Edição": "2002"
  },
  {
    "Número": "174",
    "Título do Artigo": "O retorno do sal",
    "Número da Edição": "75",
    "Mês da Edição": "maio",
    "Ano da Edição": "2002"
  },
  {
    "Número": "175",
    "Título do Artigo": "O sofrimento de parar de fumar",
    "Número da Edição": "89",
    "Mês da Edição": "julho",
    "Ano da Edição": "2003"
  },
  {
    "Número": "176",
    "Título do Artigo": "Odontogeriatria - Nocoes de Interesse Clinico",
    "Número da Edição": "90",
    "Mês da Edição": "agosto",
    "Ano da Edição": "2003"
  },
  {
    "Número": "177",
    "Título do Artigo": "Operacao de olho no topografo",
    "Número da Edição": "67",
    "Mês da Edição": "agosto",
    "Ano da Edição": "2001"
  },
  {
    "Número": "178",
    "Título do Artigo": "Os cem anos de Manguinhos",
    "Número da Edição": "52",
    "Mês da Edição": "abril",
    "Ano da Edição": "2000"
  },
  {
    "Número": "179",
    "Título do Artigo": "Os espalha-virus",
    "Número da Edição": "101",
    "Mês da Edição": "julho",
    "Ano da Edição": "2004"
  },
  {
    "Número": "180",
    "Título do Artigo": "Os genes que fazem a pressao oscilar",
    "Número da Edição": "86",
    "Mês da Edição": "abril",
    "Ano da Edição": "2003"
  },
  {
    "Número": "181",
    "Título do Artigo": "Os poderes do alho contra bacterias",
    "Número da Edição": "78",
    "Mês da Edição": "agosto",
    "Ano da Edição": "2002"
  },
  {
    "Número": "182",
    "Título do Artigo": "Os quatro virus que vao ter suas variedades geneticas mapeadas pela Rede de Diversidade de Virus no Estado de Sao Paulo",
    "Número da Edição": "60",
    "Mês da Edição": "dezembro",
    "Ano da Edição": "2000"
  },
  {
    "Número": "183",
    "Título do Artigo": "Os tropicos na zona de luz",
    "Número da Edição": "98",
    "Mês da Edição": "abril",
    "Ano da Edição": "2004"
  },
  {
    "Número": "184",
    "Título do Artigo": "Os vermes persistentes",
    "Número da Edição": "92",
    "Mês da Edição": "outubro",
    "Ano da Edição": "2003"
  },
  {
    "Número": "184",
    "Título do Artigo": "Os viloes da saude dos japoneses",
    "Número da Edição": "72",
    "Mês da Edição": "fevereiro",
    "Ano da Edição": "2002"
  },
  {
    "Número": "186",
    "Título do Artigo": "Os viloezinhos da leishmaniose",
    "Número da Edição": "68",
    "Mês da Edição": "setembro",
    "Ano da Edição": "2001"
  },
  {
    "Número": "187",
    "Título do Artigo": "Parana tera Instituto de Biologia Molecular",
    "Número da Edição": "60",
    "Mês da Edição": "dezembro",
    "Ano da Edição": "2000"
  },
  {
    "Número": "188",
    "Título do Artigo": "Parceria contra cancer",
    "Número da Edição": "64",
    "Mês da Edição": "maio",
    "Ano da Edição": "2001"
  },
  {
    "Número": "189",
    "Título do Artigo": "Parceria para inovacao tecnologica - PITE",
    "Número da Edição": "69",
    "Mês da Edição": "outubro",
    "Ano da Edição": "2001"
  },
  {
    "Número": "190",
    "Título do Artigo": "Pata-de-vaca e insulina vegetal",
    "Número da Edição": "71",
    "Mês da Edição": "janeiro",
    "Ano da Edição": "2002"
  },
  {
    "Número": "191",
    "Título do Artigo": "Pedras sob controle",
    "Número da Edição": "70",
    "Mês da Edição": "novembro",
    "Ano da Edição": "2001"
  },
  {
    "Número": "192",
    "Título do Artigo": "Peneira fina",
    "Número da Edição": "79",
    "Mês da Edição": "setembro",
    "Ano da Edição": "2002"
  },
  {
    "Número": "193",
    "Título do Artigo": "Pequenos e poderosos",
    "Número da Edição": "100",
    "Mês da Edição": "junho",
    "Ano da Edição": "2004"
  },
  {
    "Número": "194",
    "Título do Artigo": "Perigo a mesa",
    "Número da Edição": "80",
    "Mês da Edição": "outubro",
    "Ano da Edição": "2002"
  },
  {
    "Número": "195",
    "Título do Artigo": "Perigos mapeados",
    "Número da Edição": "82",
    "Mês da Edição": "dezembro",
    "Ano da Edição": "2002"
  },
  {
    "Número": "196",
    "Título do Artigo": "Pesquisas de primeirissima linha",
    "Número da Edição": "95",
    "Mês da Edição": "janeiro",
    "Ano da Edição": "2004"
  },
  {
    "Número": "197",
    "Título do Artigo": "Peste resiste a antibioticos",
    "Número da Edição": "85",
    "Mês da Edição": "marco",
    "Ano da Edição": "2003"
  },
  {
    "Número": "198",
    "Título do Artigo": "Pesticidas como causa de cancer",
    "Número da Edição": "77",
    "Mês da Edição": "julho",
    "Ano da Edição": "2002"
  },
  {
    "Número": "199",
    "Título do Artigo": "Planta contra tuberculose",
    "Número da Edição": "66",
    "Mês da Edição": "julho",
    "Ano da Edição": "2001"
  },
  {
    "Número": "200",
    "Título do Artigo": "Polemica adiada para 2004",
    "Número da Edição": "2004",
    "Mês da Edição": "janeiro",
    "Ano da Edição": "2004"
  },
  {
    "Número": "201",
    "Título do Artigo": "Por dentro do parasita",
    "Número da Edição": "92",
    "Mês da Edição": "outubro",
    "Ano da Edição": "2003"
  },
  {
    "Número": "202",
    "Título do Artigo": "Por uma melhor qualidade do sono",
    "Número da Edição": "57",
    "Mês da Edição": "setembro",
    "Ano da Edição": "2000"
  },
  {
    "Número": "203",
    "Título do Artigo": "Portas ainda abertas ao barbeiro",
    "Número da Edição": "53",
    "Mês da Edição": "maio",
    "Ano da Edição": "2000"
  },
  {
    "Número": "204",
    "Título do Artigo": "Precisao em dobro",
    "Número da Edição": "67",
    "Mês da Edição": "agosto",
    "Ano da Edição": "2001"
  },
  {
    "Número": "205",
    "Título do Artigo": "Pressao sob controle",
    "Número da Edição": "84",
    "Mês da Edição": "fevereiro",
    "Ano da Edição": "2003"
  },
  {
    "Número": "206",
    "Título do Artigo": "Prevencao de danos aos neuronios",
    "Número da Edição": "92",
    "Mês da Edição": "outubro",
    "Ano da Edição": "2003"
  },
  {
    "Número": "207",
    "Título do Artigo": "Problemas com as celulas-tronco",
    "Número da Edição": "98",
    "Mês da Edição": "abril",
    "Ano da Edição": "2004"
  },
  {
    "Número": "208",
    "Título do Artigo": "Protecao para a pele",
    "Número da Edição": "105",
    "Mês da Edição": "novembro",
    "Ano da Edição": "2004"
  },
  {
    "Número": "209",
    "Título do Artigo": "Protecao para os neuronios",
    "Número da Edição": "63",
    "Mês da Edição": "abril",
    "Ano da Edição": "2001"
  },
  {
    "Número": "210",
    "Título do Artigo": "Proteina do peso altera fertilidade",
    "Número da Edição": "104",
    "Mês da Edição": "outubro",
    "Ano da Edição": "2004"
  },
  {
    "Número": "211",
    "Título do Artigo": "Prova de resistencia",
    "Número da Edição": "89",
    "Mês da Edição": "julho",
    "Ano da Edição": "2003"
  },
  {
    "Número": "212",
    "Título do Artigo": "Quatro que valem por dez",
    "Número da Edição": "96",
    "Mês da Edição": "fevereiro",
    "Ano da Edição": "2004"
  },
  {
    "Número": "213",
    "Título do Artigo": "Rebanho protegido",
    "Número da Edição": "75",
    "Mês da Edição": "maio",
    "Ano da Edição": "2002"
  },
  {
    "Número": "214",
    "Título do Artigo": "Redes cruzadas",
    "Número da Edição": "96",
    "Mês da Edição": "fevereiro",
    "Ano da Edição": "2004"
  },
  {
    "Número": "215",
    "Título do Artigo": "Remedio ativa gene que incha a gengiva",
    "Número da Edição": "93",
    "Mês da Edição": "novembro",
    "Ano da Edição": "2003"
  },
  {
    "Número": "216",
    "Título do Artigo": "Remedios imaginarios",
    "Número da Edição": "100",
    "Mês da Edição": "junho",
    "Ano da Edição": "2004"
  },
  {
    "Número": "216",
    "Título do Artigo": "Remedios provocam quedas de idosos",
    "Número da Edição": "92",
    "Mês da Edição": "outubro",
    "Ano da Edição": "2003"
  },
  {
    "Número": "218",
    "Título do Artigo": "Reposicao hormonal",
    "Número da Edição": "103",
    "Mês da Edição": "setembro",
    "Ano da Edição": "2004"
  },
  {
    "Número": "219",
    "Título do Artigo": "Risco de cancer no fogo dos canaviais",
    "Número da Edição": "99",
    "Mês da Edição": "maio",
    "Ano da Edição": "2004"
  },
  {
    "Número": "220",
    "Título do Artigo": "Ritmo perdido",
    "Número da Edição": "79",
    "Mês da Edição": "setembro",
    "Ano da Edição": "2002"
  },
  {
    "Número": "221",
    "Título do Artigo": "Saudavel camu-camu",
    "Número da Edição": "64",
    "Mês da Edição": "maio",
    "Ano da Edição": "2001"
  },
  {
    "Número": "222",
    "Título do Artigo": "Saudavel e natural",
    "Número da Edição": "69",
    "Mês da Edição": "outubro",
    "Ano da Edição": "2001"
  },
  {
    "Número": "223",
    "Título do Artigo": "Saude na manta azul",
    "Número da Edição": "71",
    "Mês da Edição": "janeiro",
    "Ano da Edição": "2002"
  },
  {
    "Número": "224",
    "Título do Artigo": "Sementes radioativas contra o cancer",
    "Número da Edição": "79",
    "Mês da Edição": "setembro",
    "Ano da Edição": "2002"
  },
  {
    "Número": "225",
    "Título do Artigo": "Sinais biologicos do panico",
    "Número da Edição": "51",
    "Mês da Edição": "marco",
    "Ano da Edição": "2000"
  },
  {
    "Número": "226",
    "Título do Artigo": "Soldando o DNA",
    "Número da Edição": "82",
    "Mês da Edição": "dezembro",
    "Ano da Edição": "2002"
  },
  {
    "Número": "227",
    "Título do Artigo": "Soro controlado a distancia",
    "Número da Edição": "78",
    "Mês da Edição": "agosto",
    "Ano da Edição": "2002"
  },
  {
    "Número": "228",
    "Título do Artigo": "Surpresas do mundo vegetal",
    "Número da Edição": "80",
    "Mês da Edição": "outubro",
    "Ano da Edição": "2002"
  },
  {
    "Número": "229",
    "Título do Artigo": "Tecnica para avaliar hidratacao capilar",
    "Número da Edição": "90",
    "Mês da Edição": "agosto",
    "Ano da Edição": "2003"
  },
  {
    "Número": "230",
    "Título do Artigo": "Telefone para deficiente auditivo",
    "Número da Edição": "80",
    "Mês da Edição": "outubro",
    "Ano da Edição": "2002"
  },
  {
    "Número": "231",
    "Título do Artigo": "Teste mais barato detecta catapora",
    "Número da Edição": "103",
    "Mês da Edição": "setembro",
    "Ano da Edição": "2004"
  },
  {
    "Número": "232",
    "Título do Artigo": "Teste masculino de infertilidade",
    "Número da Edição": "61",
    "Mês da Edição": "janeiro",
    "Ano da Edição": "2001"
  },
  {
    "Número": "233",
    "Título do Artigo": "Teste para hipertensao",
    "Número da Edição": "84",
    "Mês da Edição": "fevereiro",
    "Ano da Edição": "2003"
  },
  {
    "Número": "234",
    "Título do Artigo": "Testes geneticos para criancas",
    "Número da Edição": "67",
    "Mês da Edição": "agosto",
    "Ano da Edição": "2001"
  },
  {
    "Número": "235",
    "Título do Artigo": "Transplante sob medida",
    "Número da Edição": "82",
    "Mês da Edição": "dezembro",
    "Ano da Edição": "2002"
  },
  {
    "Número": "236",
    "Título do Artigo": "Tratamento com qualidade",
    "Número da Edição": "62",
    "Mês da Edição": "marco",
    "Ano da Edição": "2001"
  },
  {
    "Número": "237",
    "Título do Artigo": "Um avanco contra a malaria",
    "Número da Edição": "60",
    "Mês da Edição": "dezembro",
    "Ano da Edição": "2000"
  },
  {
    "Número": "238",
    "Título do Artigo": "Um debate fora de foco",
    "Número da Edição": "67",
    "Mês da Edição": "agosto",
    "Ano da Edição": "2001"
  },
  {
    "Número": "239",
    "Título do Artigo": "Um diagnostico a flor da pele",
    "Número da Edição": "68",
    "Mês da Edição": "setembro",
    "Ano da Edição": "2001"
  },
  {
    "Número": "240",
    "Título do Artigo": "Um liquido precioso",
    "Número da Edição": "70",
    "Mês da Edição": "novembro",
    "Ano da Edição": "2001"
  },
  {
    "Número": "241",
    "Título do Artigo": "Um trio pronto para atacar",
    "Número da Edição": "64",
    "Mês da Edição": "maio",
    "Ano da Edição": "2001"
  },
  {
    "Número": "242",
    "Título do Artigo": "Uma ajuda aos Neurocientistas",
    "Número da Edição": "52",
    "Mês da Edição": "abril",
    "Ano da Edição": "2000"
  },
  {
    "Número": "243",
    "Título do Artigo": "Uma mutacao, tres doencas",
    "Número da Edição": "104",
    "Mês da Edição": "outubro",
    "Ano da Edição": "2004"
  },
  {
    "Número": "244",
    "Título do Artigo": "Uma nova rede para os virus",
    "Número da Edição": "60",
    "Mês da Edição": "dezembro",
    "Ano da Edição": "2000"
  },
  {
    "Número": "245",
    "Título do Artigo": "Uma razao a mais para evitar antibioticos",
    "Número da Edição": "93",
    "Mês da Edição": "novembro",
    "Ano da Edição": "2003"
  },
  {
    "Número": "246",
    "Título do Artigo": "Uma vacina diferente",
    "Número da Edição": "81",
    "Mês da Edição": "novembro",
    "Ano da Edição": "2002"
  },
  {
    "Número": "247",
    "Título do Artigo": "Unifesp ganha reformas e novos laboratorios",
    "Número da Edição": "66",
    "Mês da Edição": "julho",
    "Ano da Edição": "2001"
  },
  {
    "Número": "248",
    "Título do Artigo": "Usos aprovados e abusos negados",
    "Número da Edição": "65",
    "Mês da Edição": "junho",
    "Ano da Edição": "2001"
  },
  {
    "Número": "249",
    "Título do Artigo": "Vacina contra bioterrorismo",
    "Número da Edição": "77",
    "Mês da Edição": "julho",
    "Ano da Edição": "2002"
  },
  {
    "Número": "250",
    "Título do Artigo": "Variola: virus da vacina reaparece",
    "Número da Edição": "57",
    "Mês da Edição": "setembro",
    "Ano da Edição": "2000"
  },
  {
    "Número": "251",
    "Título do Artigo": "Vem ai a vacina quatro em uma",
    "Número da Edição": "63",
    "Mês da Edição": "abril",
    "Ano da Edição": "2001"
  },
  {
    "Número": "252",
    "Título do Artigo": "Veneno de taturana contra trombose",
    "Número da Edição": "67",
    "Mês da Edição": "agosto",
    "Ano da Edição": "2001"
  },
  {
    "Número": "253",
    "Título do Artigo": "Veneno em nanocapsulas para obtencao de soros",
    "Número da Edição": "97",
    "Mês da Edição": "marco",
    "Ano da Edição": "2004"
  },
  {
    "Número": "254",
    "Título do Artigo": "Virus herdados pelos filhos",
    "Número da Edição": "58",
    "Mês da Edição": "outubro",
    "Ano da Edição": "2000"
  },
  {
    "Número": "255",
    "Título do Artigo": "Virus novo no Brasil",
    "Número da Edição": "99",
    "Mês da Edição": "maio",
    "Ano da Edição": "2004"
  },
  {
    "Número": "256",
    "Título do Artigo": "Vitaminas desvendadas (PESQUISA 70, NOVEMBRO DE 2001)",
    "Número da Edição": "70",
    "Mês da Edição": "novembro",
    "Ano da Edição": "2001"
  },
  {
    "Número": "257",
    "Título do Artigo": "Vitimas famosas do bacilo (PESQUISA 97, MARCO DE 2004)",
    "Número da Edição": "97",
    "Mês da Edição": "marco",
    "Ano da Edição": "2004"
  },
  {
    "Número": "258",
    "Título do Artigo": "Xenotransplantes seguros a vista",
    "Número da Edição": "72",
    "Mês da Edição": "fevereiro",
    "Ano da Edição": "2002"
  }
]