
<text><b>Categories lèxiques</b></text>
<text>n nom</text>
<text>n pl </text>
<text>nom plural</text>
<text>n m </text>
<text>nom masculí</text>
<text>n m pl </text>
<text>nom masculí plural</text>
<text>n f </text>
<text>nom femení</text>
<text>n f pl </text>
<text>nom femení plural</text>
<text>n m, f </text>
<text>nom masculí i femení</text>
<text>n m/f </text>
<text>nom masculí o femení</text>
<text>adj adjectiu</text>
<text>v tr </text>
<text>verb transitiu</text>
<text>v tr/intr  verb transitiu o intransitiu</text>
<text>v intr </text>
<text>verb intransitiu</text>
<text><b>Remissions</b></text>
<text>sin. </text>
<text>sinònim absolut</text>
<text>sin. compl.  sinònim complementari</text>
<text>den. com.   denominació comercial</text>
<text><b>Indicadors de llengua</b></text>
<text>oc occità</text>
<text>eu basc</text>
<text>gl gallec</text>
<text>es  </text>
<text>castellà</text>
<text>en anglès</text>
<text>fr  </text>
<text>francès</text>
<text>pt portuguès</text>
<text>pt </text>
<text>[PT] portuguès de Portugal</text>
<text>pt </text>
<text>[BR] portuguès del Brasil</text>
<text>nl neerlandès</text>
<text>ar àrab</text>
<text><b>Altres codis</b></text>
<text>sbl  </text>
<text>símbol</text>
<text>nc  </text>
<text>nom científic</text>
<text>CAS </text>
<text>número CAS</text>
<text><b>Abreviacions</b></text>
