<?xml version="1.0" encoding="UTF-8"?>
<!DOCTYPE pdf2xml SYSTEM "pdf2xml.dtd">

<pdf2xml producer="poppler" version="24.08.0">
<page number="198" position="absolute" top="0" left="0" height="1263" width="892">
	<fontspec id="0" size="18" family="GAAIBX+Times" color="#000000"/>
	<fontspec id="1" size="19" family="KCDYTT+Helvetica" color="#000000"/>
	<fontspec id="2" size="18" family="YSWOZB+Times" color="#000000"/>
	<fontspec id="3" size="18" family="JEXAHK+Times" color="#000000"/>
<text top="128" left="128" width="311" height="21" font="0"><b>3.4. Equivalências espanhol – português </b></text>
<text top="148" left="128" width="4" height="21" font="0"><b> </b></text>
<text top="169" left="128" width="4" height="21" font="0"><b> </b></text>
<text top="190" left="128" width="114" height="22" font="1"><b>ESPANHOL </b></text>
<text top="190" left="431" width="129" height="22" font="1"><b>PORTUGUÊS </b></text>
<text top="235" left="128" width="42" height="20" font="2">abeta </text>
<text top="235" left="431" width="86" height="20" font="2">abeta (159) </text>
<text top="276" left="128" width="278" height="20" font="2">accidente vascular cerebral isquemico </text>
<text top="276" left="431" width="304" height="20" font="2">acidente vascular cerebral isquêmico (37) </text>
<text top="318" left="128" width="166" height="20" font="2">acción vasoconstritora </text>
<text top="318" left="431" width="195" height="20" font="2">ação vasoconstritora (180) </text>
<text top="359" left="128" width="177" height="20" font="2">acidemia metilmalónica </text>
<text top="359" left="431" width="209" height="20" font="2">acidose metilmalônica (206) </text>
<text top="400" left="128" width="147" height="20" font="2">acido acetilsalicílico</text>
<text top="401" left="275" width="4" height="20" font="3"><i> </i></text>
<text top="400" left="431" width="186" height="20" font="2">acido acetilsalicílico (66) </text>
<text top="442" left="128" width="95" height="20" font="2">acido caínico</text>
<text top="442" left="223" width="4" height="20" font="3"><i> </i></text>
<text top="442" left="431" width="134" height="20" font="2">acido caínico (09) </text>
<text top="483" left="128" width="189" height="20" font="2">acido gama-aminobutírico</text>
<text top="483" left="317" width="4" height="20" font="3"><i> </i></text>
<text top="483" left="431" width="315" height="20" font="2">ácido gama-aminobutírico (gaba) (39, 136) </text>
<text top="525" left="128" width="177" height="20" font="2">aconsejamiento genético</text>
<text top="525" left="305" width="4" height="20" font="3"><i> </i></text>
<text top="525" left="431" width="229" height="20" font="2">aconselhamento genético (121) </text>
<text top="566" left="128" width="135" height="20" font="2">adjuvante genético</text>
<text top="566" left="263" width="4" height="20" font="3"><i> </i></text>
<text top="566" left="431" width="183" height="20" font="2">adjuvante genético (213) </text>
<text top="607" left="128" width="116" height="20" font="2">alergia asmática</text>
<text top="608" left="244" width="4" height="20" font="3"><i> </i></text>
<text top="607" left="431" width="164" height="20" font="2">alergia asmática (245) </text>
<text top="649" left="128" width="101" height="20" font="2">alfa tocoferol </text>
<text top="649" left="431" width="144" height="20" font="2">alfa tocoferol (208) </text>
<text top="690" left="128" width="48" height="20" font="2">aluma </text>
<text top="690" left="431" width="83" height="20" font="2">alumã (21) </text>
<text top="732" left="128" width="193" height="20" font="2">amiloidose sistémica senil </text>
<text top="732" left="431" width="237" height="20" font="2">amiloidose sistêmica senil (117) </text>
<text top="773" left="128" width="150" height="20" font="2">análise biomecánica </text>
<text top="773" left="431" width="150" height="20" font="2">análise biomecânica </text>
<text top="773" left="581" width="4" height="20" font="3"><i> </i></text>
<text top="773" left="586" width="35" height="20" font="2">(80) </text>
<text top="814" left="128" width="121" height="20" font="2">angina inestable </text>
<text top="814" left="431" width="156" height="20" font="2">angina instável (124) </text>
<text top="856" left="128" width="171" height="20" font="2">angiografia de la retina </text>
<text top="856" left="431" width="197" height="20" font="2">angiografia de retina (162) </text>
<text top="897" left="128" width="177" height="20" font="2">antimonial pentavalente </text>
<text top="897" left="431" width="207" height="20" font="2">antimonial pentavalente(78) </text>
<text top="939" left="128" width="86" height="20" font="2">apicoplasto </text>
<text top="939" left="431" width="121" height="20" font="2">apicoplasto (35) </text>
<text top="980" left="128" width="68" height="20" font="2">apoptose </text>
<text top="980" left="431" width="202" height="20" font="2">apoptose (10, 84, 157, 256) </text>
<text top="1021" left="128" width="164" height="20" font="2">apósito biocompatible </text>
<text top="1021" left="431" width="205" height="20" font="2">curativo biocompatível (56) </text>
<text top="1063" left="128" width="142" height="20" font="2">apósito de hidrogel </text>
<text top="1063" left="431" width="184" height="20" font="2">curativo de hidrogel (18) </text>
<text top="1104" left="128" width="80" height="20" font="2">araraquara </text>
<text top="1104" left="431" width="124" height="20" font="2">araraquara (179) </text>
</page>
<page number="199" position="absolute" top="0" left="0" height="1263" width="892">
<text top="128" left="128" width="98" height="20" font="2">artrodistrator </text>
<text top="128" left="431" width="133" height="20" font="2">artrodistrator (28) </text>
<text top="169" left="128" width="74" height="20" font="2">astemizol </text>
<text top="169" left="431" width="117" height="20" font="2">astemizol (105) </text>
<text top="211" left="128" width="233" height="20" font="2">atrofia espinal progresiva tardia </text>
<text top="211" left="431" width="292" height="20" font="2">atrofia espinhal progressiva tardia (243) </text>
<text top="252" left="128" width="54" height="20" font="2">avium  </text>
<text top="252" left="431" width="93" height="20" font="2">avium (199) </text>
<text top="293" left="128" width="109" height="20" font="2">bacilo de koch </text>
<text top="293" left="431" width="180" height="20" font="2">bacilo de koch (97, 257) </text>
<text top="335" left="128" width="94" height="20" font="2">baciloscopia </text>
<text top="335" left="431" width="138" height="20" font="2">baciloscopia (116) </text>
<text top="376" left="128" width="149" height="20" font="2">bacteria cariogénica </text>
<text top="376" left="431" width="183" height="20" font="2">bactéria cariogênica (23) </text>
<text top="418" left="128" width="201" height="20" font="2">bactéria enterohemorrágica </text>
<text top="418" left="431" width="241" height="20" font="2">bactéria entero-hemorrágica (98) </text>
<text top="459" left="128" width="123" height="20" font="2">baina de mielina </text>
<text top="459" left="431" width="167" height="20" font="2">bainha de mielina (37) </text>
<text top="500" left="128" width="109" height="20" font="2">barriga d’agua </text>
<text top="500" left="431" width="152" height="20" font="2">barriga d’água (201) </text>
<text top="542" left="128" width="133" height="20" font="2">barriga de cerveja </text>
<text top="542" left="431" width="168" height="20" font="2">barriga de cerveja (36) </text>
<text top="583" left="128" width="185" height="20" font="2">bastón instrumentalizado </text>
<text top="583" left="431" width="227" height="20" font="2">bengala instrumentalizada (29) </text>
<text top="625" left="128" width="102" height="20" font="2">beta amiloide </text>
<text top="625" left="431" width="208" height="20" font="2">beta amilóide (97, 136, 209) </text>
<text top="666" left="128" width="120" height="20" font="2">beta bloqueador </text>
<text top="666" left="431" width="163" height="20" font="2">beta bloqueador (216) </text>
<text top="707" left="128" width="91" height="20" font="2">bioadhesión </text>
<text top="707" left="431" width="120" height="20" font="2">bioadesão (236) </text>
<text top="749" left="128" width="58" height="20" font="2">biochip </text>
<text top="749" left="431" width="102" height="20" font="2">biochip (187) </text>
<text top="790" left="128" width="110" height="20" font="2">bioinformatica </text>
<text top="790" left="431" width="154" height="20" font="2">bioinformática (120) </text>
<text top="831" left="128" width="95" height="20" font="2">bioingeniero </text>
<text top="831" left="431" width="142" height="20" font="2">bioengenheiro (70) </text>
<text top="873" left="128" width="159" height="20" font="2">biología reproductiva </text>
<text top="873" left="431" width="194" height="20" font="2">biologia reprodutiva (141) </text>
<text top="914" left="128" width="135" height="20" font="2">biología sistémica </text>
<text top="914" left="431" width="169" height="20" font="2">biologia sistèmica (17) </text>
<text top="956" left="128" width="136" height="20" font="2">biólogo molecular </text>
<text top="956" left="431" width="242" height="20" font="2">biólogo molecular (02, 157, 192) </text>
<text top="997" left="128" width="95" height="20" font="2">biomarcador </text>
<text top="997" left="431" width="130" height="20" font="2">biomarcador (08) </text>
<text top="1038" left="128" width="103" height="20" font="2">biomembrana </text>
<text top="1038" left="431" width="165" height="20" font="2">biomembrana (75, 94) </text>
<text top="1080" left="128" width="84" height="20" font="2">bioprótesis </text>
<text top="1080" left="431" width="114" height="20" font="2">bioprótese (68) </text>
<text top="1121" left="128" width="105" height="20" font="2">biopsia óptica </text>
<text top="1121" left="431" width="148" height="20" font="2">biópsia óptica (189) </text>
</page>
<page number="200" position="absolute" top="0" left="0" height="1263" width="892">
<text top="128" left="128" width="154" height="20" font="2">bioretroalimentación </text>
<text top="128" left="431" width="140" height="20" font="2">bio feedback (202) </text>
<text top="169" left="128" width="155" height="20" font="2">bip suero electrónico </text>
<text top="169" left="431" width="178" height="20" font="2">bipsoro eletrônico (227) </text>
<text top="211" left="128" width="100" height="20" font="2">bisturí optico </text>
<text top="211" left="431" width="143" height="20" font="2">bisturi óptico (138) </text>
<text top="252" left="128" width="88" height="20" font="2">blockbuster </text>
<text top="252" left="431" width="123" height="20" font="2">blockbuster (30) </text>
<text top="293" left="128" width="174" height="20" font="2">brometo piridostigmina </text>
<text top="294" left="431" width="192" height="20" font="3"><i>brometo de piridostigmina</i></text>
<text top="293" left="624" width="34" height="20" font="2">(72) </text>
<text top="335" left="128" width="130" height="20" font="2">bronco dilatacíon </text>
<text top="335" left="431" width="154" height="20" font="2">broncodilatação (24) </text>
<text top="376" left="128" width="142" height="20" font="2">broncoconstricción </text>
<text top="376" left="431" width="163" height="20" font="2">broncoconstrição (24) </text>
<text top="418" left="128" width="97" height="20" font="2">bronquiolitis </text>
<text top="418" left="431" width="136" height="20" font="2">bronquiolite (182) </text>
<text top="459" left="128" width="120" height="20" font="2">bulimia nervosa </text>
<text top="459" left="431" width="163" height="20" font="2">bulimia nervosa (167) </text>
<text top="500" left="128" width="214" height="20" font="2">cámara de cintilación híbrida </text>
<text top="500" left="431" width="251" height="20" font="2">câmara de cintilação híbrida (142) </text>
<text top="542" left="128" width="111" height="20" font="2">cáncer de boca </text>
<text top="542" left="431" width="249" height="20" font="2">câncer de boca (164, 31,195, 139) </text>
<text top="583" left="128" width="121" height="20" font="2">cáncer de mama </text>
<text top="583" left="431" width="381" height="20" font="2">câncer  de  mama  (120,  120,  2,  147,  169,  128,  67, </text>
<text top="625" left="431" width="163" height="20" font="2">143, 119, 160, 139, 3) </text>
<text top="666" left="128" width="134" height="20" font="2">cáncer de próstata </text>
<text top="666" left="431" width="313" height="20" font="2">câncer de próstata (42, 1, 48, 224, 52, 171) </text>
<text top="707" left="128" width="132" height="20" font="2">cáncer de pulmón </text>
<text top="707" left="431" width="265" height="20" font="2">câncer de pulmão (48, 168, 52, 165) </text>
<text top="749" left="128" width="132" height="20" font="2">cáncer de tireóide </text>
<text top="749" left="431" width="176" height="20" font="2">câncer de tireóide (204) </text>
<text top="790" left="128" width="122" height="20" font="2">cáncer del colon </text>
<text top="790" left="431" width="246" height="20" font="2">câncer de cólon  (135, 79, 93, 52) </text>
<text top="831" left="128" width="194" height="20" font="2">cáncer del cuello del útero </text>
<text top="831" left="431" width="215" height="20" font="2">câncer de colo de útero (194) </text>
<text top="873" left="128" width="151" height="20" font="2">cáncer del estómago </text>
<text top="873" left="431" width="280" height="20" font="2">câncer de estômago (184, 198, 52, 51) </text>
<text top="914" left="128" width="114" height="20" font="2">cáncer del piel  </text>
<text top="914" left="431" width="340" height="20" font="2">câncer de pele (239, 32, 31, 226, 139, 108, 10) </text>
<text top="956" left="128" width="113" height="20" font="2">cáncer gástrico </text>
<text top="956" left="431" width="210" height="20" font="2">câncer gástrico (51, 195, 71) </text>
<text top="997" left="128" width="298" height="20" font="2">capsulotomia  anterior  estereotáxica  por </text>
<text top="1038" left="128" width="100" height="20" font="2">gamma-knife </text>
<text top="997" left="431" width="376" height="20" font="2">capsulotomia  anterior  estereotáxica  por  gamma-</text>
<text top="1038" left="431" width="76" height="20" font="2">knife (61) </text>
<text top="1080" left="128" width="98" height="20" font="2">caramboleira </text>
<text top="1080" left="431" width="133" height="20" font="2">caramboleira (69) </text>
<text top="1121" left="128" width="173" height="20" font="2">carcinogénesis química </text>
<text top="1121" left="431" width="212" height="20" font="2">carcinogênese química (198) </text>
</page>
<page number="201" position="absolute" top="0" left="0" height="1263" width="892">
<text top="128" left="128" width="64" height="20" font="2">catuama </text>
<text top="128" left="431" width="135" height="20" font="2">catuama (156, 53) </text>
<text top="169" left="128" width="123" height="20" font="2">cavidade pleural </text>
<text top="169" left="431" width="166" height="20" font="2">cavidade pleural (174) </text>
<text top="211" left="128" width="156" height="20" font="2">célula multipotencial </text>
<text top="211" left="431" width="199" height="20" font="2">célula multipotencial (238) </text>
<text top="252" left="128" width="226" height="20" font="2">celula progenitora embrionaria </text>
<text top="252" left="431" width="297" height="20" font="2">célula progenitora embrionária (55, 238) </text>
<text top="293" left="128" width="94" height="20" font="2">ceratoscopia </text>
<text top="293" left="431" width="138" height="20" font="2">ceratoscopia (177) </text>
<text top="335" left="128" width="136" height="20" font="2">champiñón del sol </text>
<text top="335" left="431" width="167" height="20" font="2">cogumelo do sol (193) </text>
<text top="376" left="128" width="87" height="20" font="2">chip de dna </text>
<text top="376" left="431" width="189" height="20" font="2">chip de dna (48, 153,187) </text>
<text top="418" left="128" width="152" height="20" font="2">choque hemorrágico </text>
<text top="418" left="431" width="219" height="20" font="2">choque hemorrágico (12, 14)) </text>
<text top="459" left="128" width="112" height="20" font="2">choque séptico </text>
<text top="459" left="431" width="155" height="20" font="2">choque séptico (180) </text>
<text top="500" left="128" width="160" height="20" font="2">cingulotomia anterior </text>
<text top="500" left="431" width="194" height="20" font="2">cingulotomia anterior (61) </text>
<text top="542" left="128" width="167" height="20" font="2">cirurgía a cielo abierto </text>
<text top="542" left="431" width="186" height="20" font="2">cirurgia a céu aberto (19) </text>
<text top="583" left="128" width="203" height="20" font="2">cirurgía fetal a cielo abierto </text>
<text top="583" left="431" width="223" height="20" font="2">cirurgia fetal a céu aberto (19) </text>
<text top="625" left="128" width="170" height="20" font="2">clonación reproductiva </text>
<text top="625" left="431" width="196" height="20" font="2">clonagem reprodutiva (64) </text>
<text top="666" left="128" width="158" height="20" font="2">clonación terapéutica </text>
<text top="666" left="431" width="318" height="20" font="2">clonagem terapêutica (62, 64, 65, 163, 200) </text>
<text top="707" left="128" width="275" height="20" font="2">coagulación intravascular diseminada </text>
<text top="707" left="431" width="320" height="20" font="2">coagulação intravascular disseminada (252) </text>
<text top="749" left="128" width="187" height="20" font="2">coagulopatía de consumo </text>
<text top="749" left="431" width="231" height="20" font="2">coagulopatia de consumo (252) </text>
<text top="790" left="128" width="143" height="20" font="2">colitis hemorrágica </text>
<text top="790" left="431" width="187" height="20" font="2">colites hemorrágicas (98) </text>
<text top="831" left="128" width="149" height="20" font="2">conplejo de vanadio </text>
<text top="831" left="431" width="193" height="20" font="2">complexo de vanádio (50) </text>
<text top="873" left="128" width="142" height="20" font="2">corea de sydenham </text>
<text top="873" left="431" width="191" height="20" font="2">coréia de sydenham (111) </text>
<text top="914" left="128" width="125" height="20" font="2">córtex cingulado </text>
<text top="914" left="431" width="168" height="20" font="2">córtex cingulado (172) </text>
<text top="956" left="128" width="122" height="20" font="2">craniossinostose </text>
<text top="956" left="431" width="166" height="20" font="2">craniossinostose (155) </text>
<text top="997" left="128" width="116" height="20" font="2">crisis de pánico </text>
<text top="997" left="431" width="147" height="20" font="2">crise de pânico (39) </text>
<text top="1038" left="128" width="149" height="20" font="2">crisis hipoglicêmica </text>
<text top="1038" left="431" width="188" height="20" font="2">crise hipoglicêmica (133) </text>
<text top="1080" left="128" width="192" height="20" font="2">cristalografia de proteínas </text>
<text top="1080" left="431" width="244" height="20" font="2">cristalografia de proteínas (6, 77) </text>
<text top="1121" left="128" width="144" height="20" font="2">cromoblastomicose </text>
<text top="1121" left="431" width="179" height="20" font="2">cromoblastomicose (76) </text>
</page>
<page number="202" position="absolute" top="0" left="0" height="1263" width="892">
<text top="128" left="128" width="73" height="20" font="2">crotoxina </text>
<text top="128" left="431" width="107" height="20" font="2">crotoxina (27) </text>
<text top="169" left="128" width="72" height="20" font="2">curmuma </text>
<text top="169" left="431" width="101" height="20" font="2">curcuma (45) </text>
<text top="211" left="128" width="298" height="20" font="2">degeneración  macular  relacionada  con </text>
<text top="252" left="128" width="56" height="20" font="2">la edad </text>
<text top="211" left="431" width="381" height="20" font="2">degeneração  macular  relacionada  à  idade  (dmri) </text>
<text top="252" left="431" width="43" height="20" font="2">(162) </text>
<text top="293" left="128" width="204" height="20" font="2">depresión alastrante de leão </text>
<text top="293" left="431" width="205" height="20" font="2">depressão alastrante de leão </text>
<text top="294" left="636" width="4" height="20" font="3"><i> </i></text>
<text top="293" left="641" width="70" height="20" font="2">(91, 158) </text>
<text top="335" left="128" width="109" height="20" font="2">dermatoscopia </text>
<text top="335" left="431" width="153" height="20" font="2">dermatoscopia (239) </text>
<text top="376" left="128" width="118" height="20" font="2">derrame pleural </text>
<text top="376" left="431" width="197" height="20" font="2">derrame pleural (165, 174) </text>
<text top="418" left="128" width="135" height="20" font="2">diarrea del viajero </text>
<text top="418" left="431" width="178" height="20" font="2">diarréia do viajante (98) </text>
<text top="459" left="128" width="136" height="20" font="2">dicroismo circular </text>
<text top="459" left="431" width="179" height="20" font="2">dicroísmo circular (247) </text>
<text top="500" left="128" width="175" height="20" font="2">disfunción velofaríngea </text>
<text top="500" left="431" width="203" height="20" font="2">disfunção velofaríngea (20) </text>
<text top="542" left="128" width="215" height="20" font="2">distrofia muscular progresiva </text>
<text top="542" left="431" width="299" height="20" font="2">distrofia muscular progressiva (74, 196)) </text>
<text top="583" left="128" width="141" height="20" font="2">disturbio del sueño </text>
<text top="583" left="431" width="173" height="20" font="2">distúrbio do sono (202) </text>
<text top="625" left="128" width="140" height="20" font="2">droga neuro-activa </text>
<text top="625" left="431" width="151" height="20" font="2">droga neurativa (91) </text>
<text top="666" left="128" width="66" height="20" font="2">dvideow </text>
<text top="666" left="431" width="335" height="20" font="2">dvideow - digital vídeo for biomechanics (80) </text>
<text top="707" left="128" width="109" height="20" font="2">efecto placebo </text>
<text top="707" left="431" width="149" height="20" font="2">efeito placebo (216) </text>
<text top="749" left="128" width="49" height="20" font="2">efedra </text>
<text top="749" left="431" width="93" height="20" font="2">éfedra (101) </text>
<text top="790" left="128" width="102" height="20" font="2">elisa in house </text>
<text top="790" left="431" width="146" height="20" font="2">elisa in house (231) </text>
<text top="831" left="128" width="98" height="20" font="2">elisa indireto </text>
<text top="831" left="431" width="141" height="20" font="2">elisa indireto (231) </text>
<text top="873" left="128" width="202" height="20" font="2">encapsulamiento molecular </text>
<text top="873" left="431" width="231" height="20" font="2">encapsulamneto molecular (87) </text>
<text top="914" left="128" width="257" height="20" font="2">encefalopatía espongiforme bovina </text>
<text top="914" left="431" width="292" height="20" font="2">encefalopatia espongiforme bovina (57) </text>
<text top="956" left="128" width="249" height="20" font="2">encefalopatía espongiforme felina </text>
<text top="956" left="431" width="326" height="20" font="2">encefalopatia espongiforme felina (fse)(144) </text>
<text top="997" left="128" width="79" height="20" font="2">endotelina </text>
<text top="997" left="431" width="123" height="20" font="2">endotelina (218) </text>
<text top="1038" left="128" width="200" height="20" font="2">enfermedad de la vaca loca </text>
<text top="1038" left="431" width="201" height="20" font="2">doença da vaca louca (144) </text>
<text top="1080" left="128" width="255" height="20" font="2">enfermedad isquémica del corazón </text>
<text top="1080" left="431" width="259" height="20" font="2">doença isquêmica do coração (184) </text>
<text top="1121" left="128" width="183" height="20" font="2">enfermedad reemergente </text>
<text top="1121" left="431" width="192" height="20" font="2">doença reemergente (197) </text>
</page>
<page number="203" position="absolute" top="0" left="0" height="1263" width="892">
	<fontspec id="4" size="15" family="LBGNLV+Helvetica" color="#000000"/>
<text top="128" left="128" width="196" height="20" font="2">ensayo clínico doble ciego </text>
<text top="128" left="431" width="233" height="20" font="2">ensaio clínico duplo-cego (216) </text>
<text top="169" left="128" width="159" height="20" font="2">enzima cicloxigenase </text>
<text top="169" left="431" width="193" height="20" font="2">enzima cicloxigenase (59) </text>
<text top="211" left="128" width="257" height="20" font="2">enzima conversora de angiotensina </text>
<text top="211" left="431" width="381" height="20" font="2">enzima  conversora  da  angiotensina  i  (eca)  (180, </text>
<text top="252" left="431" width="37" height="20" font="2">233) </text>
<text top="293" left="128" width="233" height="20" font="2">enzima degradadora de insulina </text>
<text top="293" left="431" width="275" height="20" font="2">ensima degradadora de insulina (159) </text>
<text top="335" left="128" width="195" height="20" font="2">epidemiologia matemática </text>
<text top="335" left="431" width="229" height="20" font="2">epidemiologia matemática (73) </text>
<text top="376" left="128" width="247" height="20" font="2">epilepsia do lobo temporal mesial </text>
<text top="376" left="431" width="281" height="20" font="2">epilepsia de lobo temporal mesial (09) </text>
<text top="418" left="128" width="174" height="20" font="2">epilepsia postraumática </text>
<text top="418" left="431" width="223" height="20" font="2">epilepsia pós-traumática (123) </text>
<text top="459" left="128" width="76" height="20" font="2">equinacea </text>
<text top="459" left="431" width="120" height="20" font="2">equinácea (101) </text>
<text top="500" left="128" width="96" height="20" font="2">eritropoetina </text>
<text top="500" left="431" width="167" height="20" font="2">eritropoetina (47, 121) </text>
<text top="542" left="128" width="207" height="20" font="2">esclerose lateral amiotrófica </text>
<text top="542" left="431" width="251" height="20" font="2">esclerose lateral amiotrófica (243) </text>
<text top="583" left="128" width="135" height="20" font="2">esclerose múltiple </text>
<text top="583" left="431" width="178" height="20" font="2">esclerose múltipla (243) </text>
<text top="625" left="128" width="142" height="20" font="2">esclerose sistémica </text>
<text top="625" left="431" width="176" height="20" font="2">esclerose sistêmica (37) </text>
<text top="666" left="128" width="173" height="20" font="2">espectrometría de masa </text>
<text top="666" left="431" width="224" height="20" font="2">espectrometria de massa (233) </text>
<text top="707" left="128" width="232" height="20" font="2">espectroscopia de fluorescencia </text>
<text top="707" left="431" width="276" height="20" font="2">espectroscopia de fluorescência (189) </text>
<text top="749" left="128" width="110" height="20" font="2">espectroscopia </text>
<text top="749" left="277" width="22" height="20" font="2">de </text>
<text top="749" left="337" width="89" height="20" font="2">ressonância </text>
<text top="790" left="128" width="136" height="20" font="2">magnética nuclear </text>
<text top="749" left="431" width="381" height="20" font="2">espectroscopia  de  ressonância  nuclear  magnética </text>
<text top="790" left="431" width="34" height="20" font="2">(06) </text>
<text top="831" left="128" width="136" height="20" font="2">esquistossomicida </text>
<text top="831" left="431" width="170" height="20" font="2">esquistossomicida (88) </text>
<text top="873" left="128" width="132" height="20" font="2">estímulo aversivo </text>
<text top="873" left="431" width="166" height="20" font="2">estímulo aversivo (60) </text>
<text top="914" left="128" width="118" height="20" font="2">estrés oxidativo </text>
<text top="914" left="431" width="176" height="20" font="2">estresse oxidativo (195) </text>
<text top="956" left="128" width="110" height="20" font="2">extracto de ajo </text>
<text top="956" left="431" width="155" height="20" font="2">extrato de alho (181) </text>
<text top="997" left="128" width="144" height="20" font="2">extracto de camapu </text>
<text top="997" left="431" width="180" height="20" font="2">extrato de camapu (199) </text>
<text top="1038" left="128" width="165" height="20" font="2">extracto de pariparoba </text>
<text top="1038" left="431" width="201" height="20" font="2">extrato de pariparoba (208) </text>
<text top="1080" left="128" width="187" height="20" font="2">extracto de saracura-mirá </text>
<text top="1080" left="431" width="212" height="20" font="2">extrato de saracura mirá (22) </text>
<text top="1126" left="128" width="42" height="14" font="4">factor </text>
<text top="1121" left="169" width="222" height="20" font="2">de crecimiento de fibroblastos </text>
<text top="1121" left="431" width="306" height="20" font="2">fator de crescimento de fibroblastos (118) </text>
</page>
<page number="204" position="absolute" top="0" left="0" height="1263" width="892">
<text top="128" left="128" width="298" height="20" font="2">factor  de  estimulación  de  colônia  de </text>
<text top="169" left="128" width="86" height="20" font="2">granulocito </text>
<text top="128" left="431" width="381" height="20" font="2">fator de estimulação de colônia de granulócito (207) </text>
<text top="211" left="128" width="146" height="20" font="2">falcoemulsificación </text>
<text top="211" left="431" width="184" height="20" font="2">falcoemulsificação (177) </text>
<text top="252" left="128" width="87" height="20" font="2">falsa arnica </text>
<text top="252" left="431" width="121" height="20" font="2">falsa arnica (33) </text>
<text top="293" left="128" width="114" height="20" font="2">falsa operación </text>
<text top="293" left="431" width="174" height="20" font="2">falsa operação (61,216) </text>
<text top="335" left="128" width="162" height="20" font="2">fibrilación ventricular </text>
<text top="335" left="431" width="226" height="20" font="2">fibrilação ventricular (53, 156) </text>
<text top="376" left="128" width="173" height="20" font="2">fiebre del oeste del nilo </text>
<text top="376" left="431" width="231" height="20" font="2">febre do oeste do nilo (05, 115) </text>
<text top="418" left="128" width="119" height="20" font="2">fiebre maculosa </text>
<text top="418" left="431" width="157" height="20" font="2">febre maculosa (110) </text>
<text top="459" left="128" width="298" height="20" font="2">fototrombois  mediada  por  indocianina </text>
<text top="500" left="128" width="44" height="20" font="2">verde </text>
<text top="459" left="431" width="377" height="20" font="2">fototrombose mediada pela indocianina verde (162) </text>
<text top="542" left="128" width="92" height="20" font="2">galantamina </text>
<text top="542" left="431" width="136" height="20" font="2">galantamina (151) </text>
<text top="583" left="128" width="102" height="20" font="2">gen dinámico </text>
<text top="583" left="431" width="167" height="20" font="2">genes dinámicos (170) </text>
<text top="625" left="128" width="124" height="20" font="2">gen do impriting </text>
<text top="625" left="431" width="192" height="20" font="2">genes do imprinting (141) </text>
<text top="666" left="128" width="98" height="20" font="2">gen expresso </text>
<text top="666" left="431" width="226" height="20" font="2">gene expresso (160,  173, 201) </text>
<text top="707" left="128" width="141" height="20" font="2">genética molecular </text>
<text top="707" left="431" width="220" height="20" font="2">genética molecular (104, 129) </text>
<text top="749" left="128" width="158" height="20" font="2">genoma mitocondrial </text>
<text top="749" left="431" width="192" height="20" font="2">genoma mitocondrial (92) </text>
<text top="790" left="128" width="94" height="20" font="2">glicosímetro </text>
<text top="790" left="431" width="129" height="20" font="2">glicosímetro (82) </text>
<text top="831" left="128" width="67" height="20" font="2">glucoiris </text>
<text top="831" left="431" width="102" height="20" font="2">glucoíris (82) </text>
<text top="873" left="128" width="73" height="20" font="2">gomesina </text>
<text top="873" left="431" width="108" height="20" font="2">gomesina (26) </text>
<text top="914" left="128" width="87" height="20" font="2">hantavirose </text>
<text top="914" left="431" width="131" height="20" font="2">hantavirose (179) </text>
<text top="956" left="128" width="107" height="20" font="2">hemoderivado </text>
<text top="956" left="431" width="151" height="20" font="2">hemoderivado (188) </text>
<text top="997" left="128" width="103" height="20" font="2">hemopressina </text>
<text top="997" left="431" width="147" height="20" font="2">hemopressina (205) </text>
<text top="1038" left="128" width="76" height="20" font="2">hemopure </text>
<text top="1038" left="431" width="111" height="20" font="2">hemopure (15) </text>
<text top="1080" left="128" width="254" height="20" font="2">hidrocarburo policíclico aromático </text>
<text top="1080" left="431" width="314" height="20" font="2">hidrocarboneto policíclico aromático (219) </text>
<text top="1121" left="128" width="105" height="20" font="2">hidroxiapatita </text>
<text top="1121" left="431" width="148" height="20" font="2">hidroxiapatita (236) </text>
</page>
<page number="205" position="absolute" top="0" left="0" height="1263" width="892">
<text top="128" left="128" width="135" height="20" font="2">hierba de san juan </text>
<text top="128" left="431" width="196" height="20" font="2">erva de são joão (101,102) </text>
<text top="169" left="128" width="144" height="20" font="2">hiperbilirrubinemia </text>
<text top="169" left="431" width="188" height="20" font="2">hiperbilirrubinemia (223) </text>
<text top="211" left="128" width="109" height="20" font="2">hipernasalidad </text>
<text top="211" left="431" width="152" height="20" font="2">hipernasalidade (20) </text>
<text top="252" left="128" width="146" height="20" font="2">hiperplasia epitelial </text>
<text top="252" left="431" width="189" height="20" font="2">hiperplasia epitelial (108) </text>
<text top="293" left="128" width="100" height="20" font="2">homocisteína </text>
<text top="293" left="431" width="144" height="20" font="2">homocisteína (124) </text>
<text top="335" left="128" width="112" height="20" font="2">homocistinuria </text>
<text top="335" left="431" width="156" height="20" font="2">homocistinúria (124) </text>
<text top="376" left="128" width="184" height="20" font="2">hormona del crecimiento </text>
<text top="376" left="431" width="231" height="20" font="2">hormônio de crescimento (126) </text>
<text top="418" left="128" width="282" height="20" font="2">hormona del crecimiento biosintético   </text>
<text top="418" left="431" width="319" height="20" font="2">hormônio de crescimento biosintético (126) </text>
<text top="459" left="128" width="142" height="20" font="2">hormona regulador </text>
<text top="459" left="431" width="183" height="20" font="2">hormônio regulador (07) </text>
<text top="500" left="128" width="143" height="20" font="2">ictericia fisiológica </text>
<text top="500" left="431" width="186" height="20" font="2">icterícia fisiológica (223) </text>
<text top="542" left="128" width="210" height="20" font="2">imunosensor amperométrico </text>
<text top="542" left="431" width="251" height="20" font="2">imunossensor amperométrico (83) </text>
<text top="583" left="128" width="116" height="20" font="2">infarto medular </text>
<text top="583" left="431" width="150" height="20" font="2">infarto medular (70) </text>
<text top="625" left="128" width="139" height="20" font="2">infección perinatal </text>
<text top="625" left="431" width="176" height="20" font="2">infecção perinatal (254) </text>
<text top="666" left="128" width="145" height="20" font="2">inibidor de montaje </text>
<text top="666" left="431" width="162" height="20" font="2">setting inhibitor (161) </text>
<text top="707" left="128" width="119" height="20" font="2">injerto orgánico </text>
<text top="707" left="431" width="160" height="20" font="2">enxerto orgânico (34) </text>
<text top="749" left="128" width="207" height="20" font="2">injerto periférico heterólogo </text>
<text top="749" left="431" width="249" height="20" font="2">enxerto periférico heterólogo (34) </text>
<text top="790" left="128" width="218" height="20" font="2">insuficiencia cardíaca crónica </text>
<text top="790" left="431" width="262" height="20" font="2">insuficiência cardíaca crônica (220) </text>
<text top="831" left="128" width="205" height="20" font="2">insuficiencia cardíaca grave </text>
<text top="831" left="431" width="249" height="20" font="2">insuficiência cardíaca grave (220) </text>
<text top="873" left="128" width="184" height="20" font="2">insuficiencia renal aguda </text>
<text top="873" left="431" width="228" height="20" font="2">insuficiência renal aguda (191) </text>
<text top="914" left="128" width="154" height="20" font="2">insulina encapsulada </text>
<text top="914" left="431" width="188" height="20" font="2">insulina encapsulada (95) </text>
<text top="956" left="128" width="141" height="20" font="2">insulina trangénica </text>
<text top="956" left="431" width="183" height="20" font="2">insulina transgênica (95) </text>
<text top="997" left="128" width="119" height="20" font="2">interferon gama </text>
<text top="997" left="431" width="162" height="20" font="2">interferon gama (131) </text>
<text top="1038" left="128" width="116" height="20" font="2">isla pancreática </text>
<text top="1038" left="431" width="166" height="20" font="2">ilhota pancreática (07) </text>
<text top="1080" left="128" width="145" height="20" font="2">isofravona aclicona </text>
<text top="1080" left="431" width="188" height="20" font="2">isoflavona aglicona (222) </text>
<text top="1121" left="128" width="132" height="20" font="2">isquemia cerebral </text>
<text top="1121" left="431" width="189" height="20" font="2">isquemia cerebral (37,54) </text>
</page>
<page number="206" position="absolute" top="0" left="0" height="1263" width="892">
<text top="128" left="128" width="60" height="20" font="2">jacalina </text>
<text top="128" left="431" width="104" height="20" font="2">jacalina (148) </text>
<text top="169" left="128" width="140" height="20" font="2">jugador patológico </text>
<text top="169" left="431" width="183" height="20" font="2">jogador patológico (134) </text>
<text top="211" left="128" width="77" height="20" font="2">kava kava </text>
<text top="211" left="431" width="122" height="20" font="2">kava-kava (101) </text>
<text top="252" left="128" width="162" height="20" font="2">leishmaniasis cutáneo </text>
<text top="252" left="431" width="254" height="20" font="2">leishmaniose cutâneo-mucosa (99) </text>
<text top="293" left="128" width="265" height="20" font="2">leishmaniasis tegumentar americana </text>
<text top="293" left="431" width="340" height="20" font="2">leishmaniose tegumentar americana (lta) (186) </text>
<text top="335" left="128" width="53" height="20" font="2">leptina </text>
<text top="335" left="431" width="97" height="20" font="2">leptina (210) </text>
<text top="376" left="128" width="111" height="20" font="2">lesión medular </text>
<text top="376" left="431" width="139" height="20" font="2">lesão medular (70) </text>
<text top="418" left="128" width="184" height="20" font="2">leucemia mieloide aguda </text>
<text top="418" left="431" width="228" height="20" font="2">leucemia mielóide aguda (235) </text>
<text top="459" left="128" width="194" height="20" font="2">leucemia mieloide crónica </text>
<text top="459" left="431" width="238" height="20" font="2">leucemia mielóide crônica (235) </text>
<text top="500" left="128" width="134" height="20" font="2">linfoma de burkitt </text>
<text top="500" left="431" width="178" height="20" font="2">linfoma de burkitt (234) </text>
<text top="542" left="128" width="187" height="20" font="2">líquido cefalorraquidiano </text>
<text top="542" left="431" width="221" height="20" font="2">líquido cefalorraquidiano (19) </text>
<text top="583" left="128" width="48" height="20" font="2">liquor </text>
<text top="583" left="431" width="82" height="20" font="2">líquor (19) </text>
<text top="625" left="128" width="44" height="20" font="2">lopap </text>
<text top="625" left="431" width="88" height="20" font="2">lopap (252) </text>
<text top="666" left="128" width="204" height="20" font="2">lupus eritematoso sistémico </text>
<text top="666" left="431" width="275" height="20" font="2">lúpus eritematoso sistêmico (37, 157) </text>
<text top="707" left="128" width="128" height="20" font="2">mal de alzheimer </text>
<text top="707" left="431" width="226" height="20" font="2">mal de alzheimer (63, 109, 97) </text>
<text top="749" left="128" width="106" height="20" font="2">mal de chagas </text>
<text top="749" left="431" width="186" height="20" font="2">mal de chagas (203, 199) </text>
<text top="790" left="128" width="179" height="20" font="2">mal de creutzfeldt-jacob </text>
<text top="790" left="431" width="250" height="20" font="2">mal de creutzfeldt-jacob (57, 125) </text>
<text top="831" left="128" width="85" height="20" font="2">mal de lutz </text>
<text top="831" left="431" width="128" height="20" font="2">mal de lutz (178) </text>
<text top="873" left="128" width="142" height="20" font="2">mal de la vaca loca </text>
<text top="873" left="431" width="240" height="20" font="2">mal da vaca louca (41, 125, 144) </text>
<text top="914" left="128" width="133" height="20" font="2">mamica de cadela </text>
<text top="914" left="431" width="171" height="20" font="2">mamica-de-cadela (38) </text>
<text top="956" left="128" width="142" height="20" font="2">mano de san carlos </text>
<text top="956" left="431" width="167" height="20" font="2">mão de são carlos (29) </text>
<text top="997" left="128" width="151" height="20" font="2">medicina a distancia </text>
<text top="997" left="431" width="186" height="20" font="2">medicina à distância (40) </text>
<text top="1038" left="128" width="201" height="20" font="2">medicina comportamental   </text>
<text top="1038" left="431" width="235" height="20" font="2">medicina comportamental (202) </text>
<text top="1080" left="128" width="84" height="20" font="2">memantina </text>
<text top="1080" left="431" width="128" height="20" font="2">memantina (136) </text>
<text top="1121" left="128" width="152" height="20" font="2">metaplasia intestinal </text>
<text top="1121" left="431" width="186" height="20" font="2">metaplasia intestinal (51) </text>
</page>
<page number="207" position="absolute" top="0" left="0" height="1263" width="892">
<text top="128" left="128" width="133" height="20" font="2">metapneumovirus </text>
<text top="128" left="431" width="177" height="20" font="2">metapneumovírus (255) </text>
<text top="169" left="128" width="118" height="20" font="2">miastenia grave </text>
<text top="169" left="431" width="152" height="20" font="2">miastenia grave (72) </text>
<text top="211" left="128" width="85" height="20" font="2">microaguja </text>
<text top="211" left="431" width="138" height="20" font="2">microagulha (152) </text>
<text top="252" left="128" width="83" height="20" font="2">microarray </text>
<text top="252" left="431" width="217" height="20" font="2">microarray (234, 48, 86, 171) </text>
<text top="293" left="128" width="196" height="20" font="2">microesfera biodegradable </text>
<text top="293" left="431" width="247" height="20" font="2">Microsferas biodegradáveis (140) </text>
<text top="335" left="128" width="151" height="20" font="2">microflora intestinal </text>
<text top="335" left="431" width="194" height="20" font="2">microflora intestinal (222) </text>
<text top="376" left="128" width="263" height="20" font="2">microscopia eletrônica de varredura </text>
<text top="376" left="431" width="342" height="20" font="2">microscopia eletrônica de varredura (236, 229) </text>
<text top="418" left="128" width="81" height="20" font="2">microtrans </text>
<text top="418" left="431" width="116" height="20" font="2">microtrans (16) </text>
<text top="459" left="128" width="137" height="20" font="2">mielomeningocele </text>
<text top="459" left="431" width="172" height="20" font="2">mielomeningocele (19) </text>
<text top="500" left="128" width="79" height="20" font="2">mimivirus </text>
<text top="500" left="431" width="122" height="20" font="2">mimivírus (122) </text>
<text top="542" left="128" width="106" height="20" font="2">mucositis oral </text>
<text top="542" left="431" width="145" height="20" font="2">mucosite oral (137) </text>
<text top="583" left="128" width="186" height="20" font="2">muleta instrumentalizada </text>
<text top="583" left="431" width="220" height="20" font="2">muleta instrumentalizada (29) </text>
<text top="625" left="128" width="134" height="20" font="2">neumonía asiática </text>
<text top="625" left="431" width="186" height="20" font="2">pneumonia asiática (183) </text>
<text top="666" left="128" width="135" height="20" font="2">neuromorfometria </text>
<text top="666" left="431" width="179" height="20" font="2">neuromorfometria (242) </text>
<text top="707" left="128" width="120" height="20" font="2">neurona biônica </text>
<text top="707" left="431" width="161" height="20" font="2">neurônio biônico (43) </text>
<text top="749" left="128" width="113" height="20" font="2">nitrato de prata </text>
<text top="749" left="431" width="188" height="20" font="2">nitrato de prata (174,165) </text>
<text top="790" left="128" width="178" height="20" font="2">nucleo mediano del rafe </text>
<text top="790" left="431" width="207" height="20" font="2">núcleo mediano da rafe (60) </text>
<text top="831" left="128" width="166" height="20" font="2">núcleo paraventricular </text>
<text top="831" left="431" width="200" height="20" font="2">núcleo paraventricular (89) </text>
<text top="873" left="128" width="119" height="20" font="2">odontogeriatría  </text>
<text top="873" left="431" width="158" height="20" font="2">odontogeriatria (176) </text>
<text top="914" left="128" width="125" height="20" font="2">osseointegración </text>
<text top="914" left="431" width="163" height="20" font="2">osseointegração (236) </text>
<text top="956" left="128" width="97" height="20" font="2">oxido nítrico </text>
<text top="956" left="431" width="149" height="20" font="2">óxido nítrico (8, 90) </text>
<text top="997" left="128" width="119" height="20" font="2">papilomas vírus </text>
<text top="997" left="431" width="146" height="20" font="2">papiloma vírus (58) </text>
<text top="1038" left="128" width="93" height="20" font="2">pata de vaca </text>
<text top="1038" left="431" width="137" height="20" font="2">pata de vaca (190) </text>
<text top="1080" left="128" width="65" height="20" font="2">perlecan </text>
<text top="1080" left="431" width="109" height="20" font="2">perlecan (215) </text>
<text top="1121" left="128" width="97" height="20" font="2">piel artificial </text>
<text top="1121" left="431" width="134" height="20" font="2">pele artificial (56) </text>
</page>
<page number="208" position="absolute" top="0" left="0" height="1263" width="892">
<text top="128" left="128" width="106" height="20" font="2">pinzas ópticas </text>
<text top="128" left="431" width="126" height="20" font="2">pinça ótica (138) </text>
<text top="169" left="128" width="105" height="20" font="2">piojo de cama </text>
<text top="169" left="431" width="158" height="20" font="2">piolho de cama (132) </text>
<text top="211" left="128" width="86" height="20" font="2">pleurodesis </text>
<text top="211" left="431" width="162" height="20" font="2">pleurodese (165, 174) </text>
<text top="252" left="128" width="103" height="20" font="2">pluma grande </text>
<text top="252" left="431" width="183" height="20" font="2">pluma grande (194, 228) </text>
<text top="293" left="128" width="116" height="20" font="2">poliparasitismo </text>
<text top="293" left="431" width="159" height="20" font="2">poliparasitismo (184) </text>
<text top="335" left="128" width="197" height="20" font="2">porfiria aguda intermitente </text>
<text top="335" left="431" width="241" height="20" font="2">porfíria aguda intermitente (105) </text>
<text top="376" left="128" width="135" height="20" font="2">potencial evocado </text>
<text top="376" left="431" width="169" height="20" font="2">potencial evocado (70) </text>
<text top="418" left="128" width="85" height="20" font="2">proinsulina </text>
<text top="418" left="431" width="126" height="20" font="2">pró-insulina (54) </text>
<text top="459" left="128" width="146" height="20" font="2">prótese de takimoto </text>
<text top="459" left="431" width="181" height="20" font="2">prótese de takimoto (75) </text>
<text top="500" left="128" width="147" height="20" font="2">psidium guyanensis </text>
<text top="500" left="431" width="139" height="20" font="2">araçá d’água (221) </text>
<text top="542" left="128" width="118" height="20" font="2">ptosis palpebral </text>
<text top="542" left="431" width="148" height="20" font="2">ptose palpebral (27) </text>
<text top="583" left="128" width="97" height="20" font="2">radiocirurgia </text>
<text top="583" left="431" width="132" height="20" font="2">radiocirurgia (61) </text>
<text top="625" left="128" width="49" height="20" font="2">raman </text>
<text top="625" left="431" width="97" height="20" font="2">raman (135)  </text>
<text top="666" left="128" width="162" height="20" font="2">ratón de rabo peludo   </text>
<text top="666" left="431" width="188" height="20" font="2">rato do rabo peludo (179) </text>
<text top="707" left="128" width="127" height="20" font="2">razón de chances </text>
<text top="707" left="431" width="170" height="20" font="2">razão de chances (130) </text>
<text top="749" left="128" width="151" height="20" font="2">reabsorción dentária </text>
<text top="749" left="431" width="179" height="20" font="2">reabsorção dentária (85) </text>
<text top="790" left="128" width="142" height="20" font="2">red neural artificial </text>
<text top="790" left="431" width="194" height="20" font="2">rede neural artificial (234) </text>
<text top="831" left="128" width="107" height="20" font="2">repair enzyme </text>
<text top="831" left="431" width="172" height="20" font="2">enzima de reparo (226) </text>
<text top="873" left="128" width="232" height="20" font="2">resonancia magnética funcional </text>
<text top="873" left="431" width="315" height="20" font="2">ressonância magnética functional (04, 146) </text>
<text top="914" left="128" width="166" height="20" font="2">retinol binding protein </text>
<text top="914" left="431" width="249" height="20" font="2">retinal binding protein (rbp) (191) </text>
<text top="956" left="128" width="150" height="20" font="2">sagüi de tufo blanco </text>
<text top="956" left="431" width="181" height="20" font="2">sagü de tufo branco (11) </text>
<text top="997" left="128" width="149" height="20" font="2">sal de escopolamina </text>
<text top="997" left="431" width="193" height="20" font="2">sal de escopolamina (123) </text>
<text top="1038" left="128" width="67" height="20" font="2">salgadão </text>
<text top="1038" left="431" width="102" height="20" font="2">salgadão (12) </text>
<text top="1080" left="128" width="172" height="20" font="2">samambaia-das-taperas </text>
<text top="1080" left="431" width="257" height="20" font="2">samamabaia das taperas (194, 228) </text>
<text top="1121" left="128" width="134" height="20" font="2">sarcoma de ewing </text>
<text top="1121" left="431" width="178" height="20" font="2">sarcoma de ewing (234) </text>
</page>
<page number="209" position="absolute" top="0" left="0" height="1263" width="892">
<text top="128" left="128" width="170" height="20" font="2">secreción de prolactina </text>
<text top="128" left="431" width="208" height="20" font="2">secreção de prolactina (103) </text>
<text top="169" left="128" width="55" height="20" font="2">shitake </text>
<text top="169" left="431" width="99" height="20" font="2">shitake (193) </text>
<text top="211" left="128" width="77" height="20" font="2">simocaina </text>
<text top="211" left="431" width="112" height="20" font="2">simocaína (25) </text>
<text top="252" left="128" width="196" height="20" font="2">síndrome de fatiga crónica </text>
<text top="252" left="431" width="234" height="20" font="2">síndrome da fadiga crônica (76) </text>
<text top="293" left="128" width="278" height="20" font="2">síndrome de incomodidad respiratoria </text>
<text top="293" left="431" width="341" height="20" font="2">síndrome do desconforto respiratório (44, 240) </text>
<text top="335" left="128" width="151" height="20" font="2">síndrome de rubéola </text>
<text top="335" left="431" width="260" height="20" font="2">síndrome da rubéola congênita (73) </text>
<text top="376" left="128" width="140" height="20" font="2">síndrome de turner </text>
<text top="376" left="431" width="220" height="20" font="2">síndrome de turner (248, 154) </text>
<text top="418" left="128" width="216" height="20" font="2">síndrome hemolítica-urémica </text>
<text top="418" left="431" width="249" height="20" font="2">síndrome hemolítica urêmica (98) </text>
<text top="459" left="128" width="256" height="20" font="2">síndrome respiratoria aguda severa </text>
<text top="459" left="431" width="371" height="20" font="2">síndrome respiratória aguda severa (sars) (96, 115) </text>
<text top="500" left="128" width="135" height="20" font="2">sistema endocrino </text>
<text top="500" left="431" width="178" height="20" font="2">sistema endócrino (214) </text>
<text top="542" left="128" width="118" height="20" font="2">sistema límbico </text>
<text top="542" left="431" width="152" height="20" font="2">sistema límbico (60) </text>
<text top="583" left="128" width="230" height="20" font="2">sistema nervioso parasimpático </text>
<text top="583" left="431" width="267" height="20" font="2">sistema nervoso parassimpático (72) </text>
<text top="625" left="128" width="199" height="20" font="2">sistema nervioso periférico </text>
<text top="625" left="431" width="238" height="20" font="2">sistema nervoso periférico (220) </text>
<text top="666" left="128" width="196" height="20" font="2">sistema de temporización   </text>
<text top="666" left="431" width="225" height="20" font="2">sistema de temporização (127) </text>
<text top="707" left="128" width="130" height="20" font="2">suero hiperimune </text>
<text top="707" left="431" width="165" height="20" font="2">soro hiperimune (253) </text>
<text top="749" left="128" width="142" height="20" font="2">té de quebra piedra </text>
<text top="749" left="431" width="192" height="20" font="2">chá de quebra pedra (191) </text>
<text top="790" left="128" width="113" height="20" font="2">tecnica de sage </text>
<text top="790" left="431" width="157" height="20" font="2">técnica de sage (173) </text>
<text top="831" left="128" width="131" height="20" font="2">tecnica de sorting </text>
<text top="831" left="431" width="125" height="20" font="2">teleconsulta (40) </text>
<text top="873" left="128" width="228" height="20" font="2">terapia de reposición hormonal </text>
<text top="873" left="431" width="283" height="20" font="2">terapia de reposição hormonal (03, 67) </text>
<text top="914" left="128" width="153" height="20" font="2">terapia fotodinámica </text>
<text top="914" left="431" width="259" height="20" font="2">terapia fotodinâmica (31, 139, 162) </text>
<text top="956" left="128" width="105" height="20" font="2">terapia gênica </text>
<text top="956" left="431" width="139" height="20" font="2">terapia gênica (78) </text>
<text top="997" left="128" width="200" height="20" font="2">terminal nervoso simpático </text>
<text top="997" left="431" width="244" height="20" font="2">terminal nervoso simpático (220) </text>
<text top="1038" left="128" width="132" height="20" font="2">test de carga viral </text>
<text top="1038" left="431" width="174" height="20" font="2">teste de carga viral (81) </text>
<text top="1080" left="128" width="232" height="20" font="2">test exercício cardiorespiratório </text>
<text top="1080" left="431" width="355" height="20" font="2">teste de exercício cardiorrespiratório (tecr) (113) </text>
<text top="1121" left="128" width="177" height="20" font="2">topógrafo intracirúrgico </text>
<text top="1121" left="431" width="220" height="20" font="2">topógrafo intracirúrgico (177) </text>
</page>
<page number="210" position="absolute" top="0" left="0" height="1263" width="892">
<text top="128" left="128" width="103" height="20" font="2">transcriptoma </text>
<text top="128" left="431" width="147" height="20" font="2">transcriptoma (173) </text>
<text top="169" left="128" width="86" height="20" font="2">Transretina </text>
<text top="169" left="431" width="140" height="20" font="2">transtirretina (117) </text>
<text top="211" left="128" width="150" height="20" font="2">transtorno cognitivo </text>
<text top="211" left="431" width="184" height="20" font="2">transtorno cognitivo (97) </text>
<text top="252" left="128" width="151" height="20" font="2">transtorno de pánico </text>
<text top="252" left="431" width="196" height="20" font="2">transtorno do pânico (225) </text>
<text top="293" left="128" width="234" height="20" font="2">transtorno obsesivo compulsivo </text>
<text top="293" left="431" width="313" height="20" font="2">transtorno obsessivo compulsivo (tco) (61) </text>
<text top="335" left="128" width="196" height="20" font="2">tripanosomiasis americana </text>
<text top="335" left="431" width="242" height="20" font="2">tripanossomíase americana (145) </text>
<text top="376" left="128" width="127" height="20" font="2">tripanossomicida </text>
<text top="376" left="431" width="171" height="20" font="2">tripanossomicida (199) </text>
<text top="418" left="128" width="65" height="20" font="2">Trocater </text>
<text top="418" left="431" width="94" height="20" font="2">trocáter (19) </text>
<text top="459" left="128" width="114" height="20" font="2">tula de besouro </text>
<text top="459" left="431" width="194" height="20" font="2">tula de besouro (131, 136) </text>
<text top="500" left="128" width="114" height="20" font="2">tumor de erlich </text>
<text top="500" left="431" width="164" height="20" font="2">turmor de erlich (214) </text>
<text top="542" left="128" width="122" height="20" font="2">tumor de walker </text>
<text top="542" left="431" width="166" height="20" font="2">tumor de walker (211) </text>
<text top="583" left="128" width="68" height="20" font="2">Tunicato </text>
<text top="583" left="431" width="106" height="20" font="2">tunicato (107) </text>
<text top="625" left="128" width="82" height="20" font="2">Ubiquitina </text>
<text top="625" left="431" width="121" height="20" font="2">ubiquitina (232) </text>
<text top="666" left="128" width="122" height="20" font="2">vacuna autóloga </text>
<text top="666" left="431" width="152" height="20" font="2">vacina autóloga (79) </text>
<text top="707" left="128" width="131" height="20" font="2">vacuna cuádruple </text>
<text top="707" left="431" width="176" height="20" font="2">vacina quádrupla (251)  </text>
<text top="749" left="128" width="107" height="20" font="2">vacuna de dna </text>
<text top="749" left="431" width="255" height="20" font="2">vacina de dna (166, 213, 246, 249) </text>
<text top="790" left="128" width="109" height="20" font="2">varicela zoster </text>
<text top="790" left="431" width="152" height="20" font="2">varicela zoster (231) </text>
<text top="831" left="128" width="88" height="20" font="2">vena puerta </text>
<text top="831" left="431" width="110" height="20" font="2">veia porta (07) </text>
<text top="873" left="128" width="150" height="20" font="2">videodermatoscopio </text>
<text top="873" left="431" width="194" height="20" font="2">videodermatoscópio (239) </text>
<text top="914" left="128" width="132" height="20" font="2">videomicroscopia </text>
<text top="914" left="431" width="167" height="20" font="2">videomicroscopia (91) </text>
<text top="956" left="128" width="113" height="20" font="2">virus amarílico </text>
<text top="956" left="431" width="156" height="20" font="2">vírus amarílico (241) </text>
<text top="997" left="128" width="114" height="20" font="2">virus cantagalo </text>
<text top="997" left="431" width="157" height="20" font="2">vírus cantagalo (250) </text>
<text top="1038" left="128" width="192" height="20" font="2">virus respiratorio sincicial </text>
<text top="1038" left="431" width="308" height="20" font="2">vírus respiratório sincicial (182, 244, 255) </text>
<text top="1080" left="128" width="118" height="20" font="2">xenotransplante </text>
<text top="1080" left="431" width="162" height="20" font="2">xenotransplante (258) </text>
<text top="1121" left="128" width="4" height="20" font="2"> </text>
</page>
</pdf2xml>
