[
  {
    "id": 101,
    "campos_faltando": [
      "denominacao_catala",
      "categoria_lexica"
    ]
  },
  {
    "id": 66,
    "campos_faltando": [
      "definicao"
    ]
  },
  {
    "id": 2,
    "campos_faltando": [
      "denominacao_catala",
      "categoria_lexica",
      "definicao"
    ]
  },
  {
    "id": 200,
    "campos_faltando": [
      "denominacao_catala",
      "categoria_lexica"
    ]
  },
  {
    "id": 0,
    "campos_faltando": [
      "denominacao_catala",
      "categoria_lexica"
    ]
  },
  {
    "id": 2,
    "campos_faltando": [
      "denominacao_catala",
      "categoria_lexica"
    ]
  },
  {
    "id": 1,
    "campos_faltando": [
      "denominacao_catala",
      "categoria_lexica"
    ]
  },
  {
    "id": 19,
    "campos_faltando": [
      "denominacao_catala",
      "categoria_lexica"
    ]
  },
  {
    "id": 0,
    "campos_faltando": [
      "denominacao_catala",
      "categoria_lexica"
    ]
  },
  {
    "id": 0,
    "campos_faltando": [
      "denominacao_catala",
      "categoria_lexica"
    ]
  },
  {
    "id": 0,
    "campos_faltando": [
      "denominacao_catala",
      "categoria_lexica",
      "definicao"
    ]
  }
]