<?xml version="1.0" encoding="UTF-8"?>
<!DOCTYPE pdf2xml SYSTEM "pdf2xml.dtd">

<pdf2xml producer="poppler" version="24.08.0">
<page number="184" position="absolute" top="0" left="0" height="1263" width="892">
	<fontspec id="0" size="18" family="GAAIBX+Times" color="#000000"/>
	<fontspec id="1" size="19" family="KCDYTT+Helvetica" color="#000000"/>
	<fontspec id="2" size="18" family="YSWOZB+Times" color="#000000"/>
	<fontspec id="3" size="18" family="JEXAHK+Times" color="#000000"/>
<text top="128" left="128" width="287" height="21" font="0"><b>3.3. Equivalências inglês – português </b></text>
<text top="148" left="128" width="4" height="21" font="0"><b> </b></text>
<text top="169" left="128" width="4" height="21" font="0"><b> </b></text>
<text top="190" left="128" width="78" height="22" font="1"><b>INGLÊS </b></text>
<text top="190" left="473" width="129" height="22" font="1"><b>PORTUGUÊS </b></text>
<text top="235" left="128" width="42" height="20" font="2">abeta </text>
<text top="235" left="473" width="86" height="20" font="2">abeta (159) </text>
<text top="276" left="128" width="129" height="20" font="2">acetilsalicilic acid</text>
<text top="276" left="257" width="4" height="20" font="3"><i> </i></text>
<text top="276" left="473" width="186" height="20" font="2">ácido acetilsalicílico (66) </text>
<text top="318" left="128" width="205" height="20" font="2">acute intermittent porphyria </text>
<text top="318" left="473" width="241" height="20" font="2">porfíria aguda intermitente (105) </text>
<text top="359" left="128" width="176" height="20" font="2">acute myeloid leukemia </text>
<text top="359" left="473" width="228" height="20" font="2">leucemia mielóide aguda (235) </text>
<text top="400" left="128" width="181" height="20" font="2">acute renal insufficiency </text>
<text top="400" left="473" width="228" height="20" font="2">insuficiência renal aguda (191) </text>
<text top="442" left="128" width="244" height="20" font="2">age-related macular degeneration </text>
<text top="442" left="473" width="339" height="20" font="2">degeneração  macular  relacionada  à  idade </text>
<text top="483" left="473" width="43" height="20" font="2">(162) </text>
<text top="525" left="128" width="101" height="20" font="2">alfa-tocoferal </text>
<text top="525" left="473" width="146" height="20" font="2">alfa-tocoferol (208) </text>
<text top="566" left="128" width="145" height="20" font="2">alzheimer’s disease </text>
<text top="566" left="473" width="226" height="20" font="2">mal de alzheimer (63, 109, 97) </text>
<text top="607" left="128" width="103" height="20" font="2">amarílis vírus </text>
<text top="607" left="473" width="156" height="20" font="2">vírus amarílico (241) </text>
<text top="649" left="128" width="257" height="20" font="2">american tegumentar leishmaniasis </text>
<text top="649" left="473" width="306" height="20" font="2">leishmaniose tegumentar americana (186) </text>
<text top="690" left="128" width="192" height="20" font="2">american trypanosomiasis </text>
<text top="690" left="473" width="242" height="20" font="2">tripanossomíase americana (145) </text>
<text top="732" left="128" width="219" height="20" font="2">amperometric immunosensor  </text>
<text top="732" left="473" width="251" height="20" font="2">imunossensor amperométrico (83) </text>
<text top="773" left="128" width="211" height="20" font="2">amyotrophic lateral sclerosis </text>
<text top="773" left="473" width="251" height="20" font="2">esclerose lateral amiotrófica (243) </text>
<text top="814" left="128" width="156" height="20" font="2">anterior cingulotomy </text>
<text top="814" left="473" width="194" height="20" font="2">cingulotomia anterior (61) </text>
<text top="856" left="128" width="77" height="20" font="2">apicoplast </text>
<text top="856" left="473" width="121" height="20" font="2">apicoplasto (35) </text>
<text top="897" left="128" width="68" height="20" font="2">apoptose </text>
<text top="897" left="473" width="202" height="20" font="2">apoptose (10, 84, 157, 256) </text>
<text top="939" left="128" width="80" height="20" font="2">araraquara </text>
<text top="939" left="473" width="124" height="20" font="2">araraquara (179) </text>
<text top="980" left="128" width="159" height="20" font="2">artificial neuronal net </text>
<text top="980" left="473" width="194" height="20" font="2">rede neural artificial (234) </text>
<text top="1021" left="128" width="100" height="20" font="2">artificial skin </text>
<text top="1021" left="473" width="134" height="20" font="2">pele artificial (56) </text>
<text top="1063" left="128" width="98" height="20" font="2">artrodistrator </text>
<text top="1063" left="473" width="133" height="20" font="2">artrodistrator (28) </text>
<text top="1104" left="128" width="126" height="20" font="2">asian pneumonia </text>
<text top="1104" left="473" width="186" height="20" font="2">pneumonia asiática (183) </text>
</page>
<page number="185" position="absolute" top="0" left="0" height="1263" width="892">
<text top="128" left="128" width="74" height="20" font="2">astemizol </text>
<text top="128" left="473" width="117" height="20" font="2">astemizol (105) </text>
<text top="169" left="128" width="124" height="20" font="2">asthmatic allergy</text>
<text top="169" left="251" width="4" height="20" font="3"><i> </i></text>
<text top="169" left="473" width="164" height="20" font="2">alergia asmática (245) </text>
<text top="211" left="128" width="135" height="20" font="2">autologue vaccine </text>
<text top="211" left="473" width="152" height="20" font="2">vacina autóloga (79) </text>
<text top="252" left="128" width="143" height="20" font="2">averive stimulation </text>
<text top="252" left="473" width="166" height="20" font="2">estímulo aversivo (60) </text>
<text top="293" left="128" width="49" height="20" font="2">avium </text>
<text top="293" left="473" width="93" height="20" font="2">avium (199) </text>
<text top="335" left="128" width="90" height="20" font="2">baciloscopy </text>
<text top="335" left="473" width="138" height="20" font="2">baciloscopia (116) </text>
<text top="376" left="128" width="73" height="20" font="2">bed louse </text>
<text top="376" left="473" width="158" height="20" font="2">piolho de cama (132) </text>
<text top="418" left="128" width="76" height="20" font="2">beer belly </text>
<text top="418" left="473" width="168" height="20" font="2">barriga de cerveja (36) </text>
<text top="459" left="128" width="151" height="20" font="2">behavioral medicine </text>
<text top="459" left="473" width="235" height="20" font="2">medicina comportamental (202) </text>
<text top="500" left="128" width="102" height="20" font="2">beta amiloide </text>
<text top="500" left="473" width="208" height="20" font="2">beta amilóide (97, 136, 209) </text>
<text top="542" left="128" width="93" height="20" font="2">beta blocker </text>
<text top="542" left="473" width="163" height="20" font="2">beta bloqueador (216) </text>
<text top="583" left="128" width="91" height="20" font="2">bioadhesion </text>
<text top="583" left="473" width="120" height="20" font="2">bioadesão (236) </text>
<text top="625" left="128" width="58" height="20" font="2">biochip </text>
<text top="625" left="473" width="102" height="20" font="2">biochip (187) </text>
<text top="666" left="128" width="172" height="20" font="2">biocompatible dressing </text>
<text top="666" left="473" width="205" height="20" font="2">curativo biocompatível (56) </text>
<text top="707" left="128" width="200" height="20" font="2">biodegradable microsphere </text>
<text top="707" left="473" width="245" height="20" font="2">microsferas biodegradáveis (140) </text>
<text top="749" left="128" width="89" height="20" font="2">bioengineer </text>
<text top="749" left="473" width="142" height="20" font="2">bioengenheiro (70) </text>
<text top="790" left="128" width="92" height="20" font="2">biofeedback </text>
<text top="790" left="473" width="140" height="20" font="2">bio feedback (202) </text>
<text top="831" left="128" width="107" height="20" font="2">bioinformatic  </text>
<text top="831" left="473" width="154" height="20" font="2">bioinformática (120) </text>
<text top="873" left="128" width="78" height="20" font="2">biomarker </text>
<text top="873" left="473" width="130" height="20" font="2">biomarcador (08) </text>
<text top="914" left="128" width="159" height="20" font="2">biomechanic analysis </text>
<text top="914" left="473" width="150" height="20" font="2">análise biomecânica </text>
<text top="914" left="623" width="4" height="20" font="3"><i> </i></text>
<text top="914" left="628" width="35" height="20" font="2">(80) </text>
<text top="956" left="128" width="103" height="20" font="2">biomembrane </text>
<text top="956" left="473" width="165" height="20" font="2">biomembrana (75, 94) </text>
<text top="997" left="128" width="104" height="20" font="2">bionic neuron </text>
<text top="997" left="473" width="161" height="20" font="2">neurônio biônico (43) </text>
<text top="1038" left="128" width="79" height="20" font="2">bioprotese </text>
<text top="1038" left="473" width="114" height="20" font="2">bioprótese (68) </text>
<text top="1080" left="128" width="216" height="20" font="2">biosynthetic growth hormone </text>
<text top="1080" left="473" width="319" height="20" font="2">hormônio de crescimento biosintético (126) </text>
<text top="1121" left="128" width="88" height="20" font="2">blockbuster </text>
<text top="1121" left="473" width="123" height="20" font="2">blockbuster (30) </text>
</page>
<page number="186" position="absolute" top="0" left="0" height="1263" width="892">
<text top="128" left="128" width="122" height="20" font="2">bone integration </text>
<text top="128" left="473" width="167" height="20" font="2">Osseointegração (236) </text>
<text top="169" left="128" width="258" height="20" font="2">bovine spongiform encephalopathy </text>
<text top="169" left="473" width="292" height="20" font="2">encefalopatia espongiforme bovina (57) </text>
<text top="211" left="128" width="95" height="20" font="2">bracken fern </text>
<text top="211" left="473" width="183" height="20" font="2">pluma grande (194, 228) </text>
<text top="252" left="128" width="110" height="20" font="2">brain ischemia </text>
<text top="252" left="473" width="189" height="20" font="2">isquemia cerebral (37,54) </text>
<text top="293" left="128" width="96" height="20" font="2">bronchiolitis </text>
<text top="293" left="473" width="136" height="20" font="2">bronquiolite (182) </text>
<text top="335" left="128" width="141" height="20" font="2">bronchocontriction </text>
<text top="335" left="473" width="163" height="20" font="2">broncoconstrição (24) </text>
<text top="376" left="128" width="131" height="20" font="2">bronchodilatation </text>
<text top="376" left="473" width="157" height="20" font="2">Broncodilatação (24) </text>
<text top="418" left="128" width="134" height="20" font="2">burkitt lymphoma </text>
<text top="418" left="473" width="178" height="20" font="2">linfoma de burkitt (234) </text>
<text top="459" left="128" width="118" height="20" font="2">camapu extract  </text>
<text top="459" left="473" width="180" height="20" font="2">extrato de camapu (199) </text>
<text top="500" left="128" width="114" height="20" font="2">cantagalo virus </text>
<text top="500" left="473" width="157" height="20" font="2">vírus cantagalo (250) </text>
<text top="542" left="128" width="121" height="20" font="2">capsuled insulin </text>
<text top="542" left="473" width="188" height="20" font="2">insulina encapsulada (95) </text>
<text top="583" left="128" width="162" height="20" font="2">captain of all diseases </text>
<text top="583" left="473" width="228" height="20" font="2">capitã de todas as mortes (257) </text>
<text top="625" left="128" width="111" height="20" font="2">carambole tree </text>
<text top="625" left="473" width="133" height="20" font="2">caramboleira (69) </text>
<text top="666" left="128" width="243" height="20" font="2">cardiorespiratory exercise testing </text>
<text top="666" left="473" width="311" height="20" font="2">teste de exercício cardiorrespiratório (113) </text>
<text top="707" left="128" width="141" height="20" font="2">cariogenic bacteria </text>
<text top="707" left="473" width="183" height="20" font="2">bactéria cariogênica (23) </text>
<text top="749" left="128" width="64" height="20" font="2">catuama </text>
<text top="749" left="473" width="135" height="20" font="2">catuama (156, 53) </text>
<text top="790" left="128" width="178" height="20" font="2">cefalorraquidiano liquid </text>
<text top="790" left="473" width="221" height="20" font="2">líquido cefalorraquidiano (19) </text>
<text top="831" left="128" width="90" height="20" font="2">ceratoscopy </text>
<text top="831" left="473" width="138" height="20" font="2">ceratoscopia (177) </text>
<text top="873" left="128" width="110" height="20" font="2">chagas disease </text>
<text top="873" left="473" width="186" height="20" font="2">mal de chagas (203, 199) </text>
<text top="914" left="128" width="213" height="20" font="2">chronic cardiac insufficiency </text>
<text top="914" left="473" width="262" height="20" font="2">insuficiência cardíaca crônica (220) </text>
<text top="956" left="128" width="188" height="20" font="2">chronic fatigue syndrome </text>
<text top="956" left="473" width="234" height="20" font="2">síndrome da fadiga crônica (76) </text>
<text top="997" left="128" width="192" height="20" font="2">chronic myeloid leukemia </text>
<text top="997" left="473" width="238" height="20" font="2">leucemia mielóide crônica (235) </text>
<text top="1038" left="128" width="163" height="20" font="2">cicloxigenase enzyme </text>
<text top="1038" left="473" width="193" height="20" font="2">enzima cicloxigenase (59) </text>
<text top="1080" left="128" width="129" height="20" font="2">cingulated cortex </text>
<text top="1080" left="473" width="168" height="20" font="2">córtex cingulado (172) </text>
<text top="1121" left="128" width="136" height="20" font="2">circular dichroism </text>
<text top="1121" left="473" width="179" height="20" font="2">dicroísmo circular (247) </text>
</page>
<page number="187" position="absolute" top="0" left="0" height="1263" width="892">
<text top="128" left="128" width="170" height="20" font="2">clinic double-blind test </text>
<text top="128" left="473" width="233" height="20" font="2">ensaio clínico duplo-cego (216) </text>
<text top="169" left="128" width="71" height="20" font="2">clucoiris  </text>
<text top="169" left="473" width="102" height="20" font="2">glucoíris (82) </text>
<text top="211" left="128" width="135" height="20" font="2">cognitive disorder </text>
<text top="211" left="473" width="184" height="20" font="2">transtorno cognitivo (97) </text>
<text top="252" left="128" width="96" height="20" font="2">colon cancer </text>
<text top="252" left="473" width="246" height="20" font="2">câncer de cólon  (135, 79, 93, 52) </text>
<text top="293" left="128" width="209" height="20" font="2">congenital rubella syndrome </text>
<text top="293" left="473" width="260" height="20" font="2">síndrome da rubéola congênita (73) </text>
<text top="335" left="128" width="198" height="20" font="2">consumptive coagulopathy </text>
<text top="335" left="473" width="231" height="20" font="2">coagulopatia de consumo (252) </text>
<text top="376" left="128" width="122" height="20" font="2">craniossinostose </text>
<text top="376" left="473" width="166" height="20" font="2">craniossinostose (155) </text>
<text top="418" left="128" width="183" height="20" font="2">creutzfeldt-jacob disease </text>
<text top="418" left="473" width="250" height="20" font="2">mal de creutzfeldt-jacob (57, 125) </text>
<text top="459" left="128" width="144" height="20" font="2">cromoblastomicose </text>
<text top="459" left="473" width="179" height="20" font="2">cromoblastomicose (76) </text>
<text top="500" left="128" width="91" height="20" font="2">cronotoxina </text>
<text top="500" left="473" width="107" height="20" font="2">crotoxina (27) </text>
<text top="542" left="128" width="72" height="20" font="2">curcumin </text>
<text top="542" left="473" width="101" height="20" font="2">curcuma (45) </text>
<text top="583" left="128" width="143" height="20" font="2">dental reabsorption </text>
<text top="583" left="473" width="179" height="20" font="2">reabsorção dentária (85) </text>
<text top="625" left="128" width="105" height="20" font="2">dermatoscopy </text>
<text top="625" left="473" width="153" height="20" font="2">dermatoscopia (239) </text>
<text top="666" left="128" width="240" height="20" font="2">discomfort respiratory syndrome </text>
<text top="666" left="473" width="339" height="20" font="2">síndrome  do  desconforto  respiratório  (44, </text>
<text top="707" left="473" width="37" height="20" font="2">240) </text>
<text top="749" left="128" width="284" height="20" font="2">disseminated intravascular coagulation </text>
<text top="749" left="473" width="320" height="20" font="2">coagulação intravascular disseminada (252) </text>
<text top="790" left="128" width="123" height="20" font="2">distant medicine </text>
<text top="790" left="473" width="186" height="20" font="2">medicina à distância (40) </text>
<text top="831" left="128" width="66" height="20" font="2">dna chip </text>
<text top="831" left="473" width="189" height="20" font="2">chip de dna (48, 153,187) </text>
<text top="873" left="128" width="90" height="20" font="2">dna vaccine </text>
<text top="873" left="473" width="255" height="20" font="2">vacina de dna (166, 213, 246, 249) </text>
<text top="914" left="128" width="73" height="20" font="2">door vein </text>
<text top="914" left="473" width="110" height="20" font="2">veia porta (07) </text>
<text top="956" left="128" width="66" height="20" font="2">dvideow </text>
<text top="956" left="473" width="335" height="20" font="2">dvideow - digital vídeo for biomechanics (80) </text>
<text top="997" left="128" width="105" height="20" font="2">dynamic gene </text>
<text top="997" left="473" width="167" height="20" font="2">genes dinámicos (170) </text>
<text top="1038" left="128" width="126" height="20" font="2">ecopolamina salt </text>
<text top="1038" left="473" width="193" height="20" font="2">sal de escopolamina (123) </text>
<text top="1080" left="128" width="49" height="20" font="2">efedra </text>
<text top="1080" left="473" width="93" height="20" font="2">éfedra (101) </text>
<text top="1121" left="128" width="236" height="20" font="2">electronic sweeping microscopy </text>
<text top="1121" left="473" width="339" height="20" font="2">microscopia  eletrônica  de  varredura  (236, </text>
</page>
<page number="188" position="absolute" top="0" left="0" height="1263" width="892">
<text top="128" left="473" width="37" height="20" font="2">229) </text>
<text top="169" left="128" width="139" height="20" font="2">eletronic bipserum </text>
<text top="169" left="473" width="178" height="20" font="2">bipsoro eletrônico (227) </text>
<text top="211" left="128" width="107" height="20" font="2">elisa in house  </text>
<text top="211" left="473" width="146" height="20" font="2">elisa in house (231) </text>
<text top="252" left="128" width="197" height="20" font="2">embrionary progenitor cell </text>
<text top="252" left="473" width="297" height="20" font="2">célula progenitora embrionária (55, 238) </text>
<text top="293" left="128" width="130" height="20" font="2">endocrine system </text>
<text top="293" left="473" width="178" height="20" font="2">sistema endócrino (214) </text>
<text top="335" left="128" width="79" height="20" font="2">endotelina </text>
<text top="335" left="473" width="123" height="20" font="2">endotelina (218) </text>
<text top="376" left="128" width="199" height="20" font="2">entero-hemorragic bactéria </text>
<text top="376" left="473" width="241" height="20" font="2">bactéria entero-hemorrágica (98) </text>
<text top="418" left="128" width="228" height="20" font="2">enzyme angiotensina converter </text>
<text top="418" left="473" width="339" height="20" font="2">enzima  conversora  da  angiotensina  i  (eca) </text>
<text top="459" left="473" width="79" height="20" font="2">(180, 233) </text>
<text top="500" left="128" width="159" height="20" font="2">epithelial hyperplasia </text>
<text top="500" left="473" width="189" height="20" font="2">hiperplasia epitelial (108) </text>
<text top="542" left="128" width="76" height="20" font="2">equinacea </text>
<text top="542" left="473" width="120" height="20" font="2">equinácea (101) </text>
<text top="583" left="128" width="96" height="20" font="2">eritropoetine </text>
<text top="583" left="473" width="167" height="20" font="2">eritropoetina (47, 121) </text>
<text top="625" left="128" width="93" height="20" font="2">erlich tumor </text>
<text top="625" left="473" width="164" height="20" font="2">turmor de erlich (214) </text>
<text top="666" left="128" width="456" height="20" font="2">espectroscopy of nuclear magnetic ressonance  espectroscopia </text>
<text top="666" left="604" width="22" height="20" font="2">de </text>
<text top="666" left="646" width="89" height="20" font="2">ressonância </text>
<text top="666" left="755" width="58" height="20" font="2">nuclear </text>
<text top="707" left="473" width="113" height="20" font="2">magnética (06) </text>
<text top="749" left="128" width="136" height="20" font="2">esquistossomicida </text>
<text top="749" left="473" width="170" height="20" font="2">esquistossomicida (88) </text>
<text top="790" left="128" width="124" height="20" font="2">evoked potential </text>
<text top="790" left="473" width="169" height="20" font="2">potencial evocado (70) </text>
<text top="831" left="128" width="126" height="20" font="2">ewing’s sarcoma </text>
<text top="831" left="473" width="178" height="20" font="2">sarcoma de ewing (234) </text>
<text top="873" left="128" width="91" height="20" font="2">false arnica  </text>
<text top="873" left="473" width="121" height="20" font="2">falsa arnica (33) </text>
<text top="914" left="128" width="97" height="20" font="2">false surgery </text>
<text top="914" left="473" width="174" height="20" font="2">falsa operação (61,216) </text>
<text top="956" left="128" width="201" height="20" font="2">fluorescense espectroscopy </text>
<text top="956" left="473" width="276" height="20" font="2">espectroscopia de fluorescência (189) </text>
<text top="997" left="128" width="186" height="20" font="2">fribroblast growth factor  </text>
<text top="997" left="473" width="306" height="20" font="2">fator de crescimentod e fibroblastos (118) </text>
<text top="1038" left="128" width="224" height="20" font="2">functional magnetic resonance </text>
<text top="1038" left="473" width="315" height="20" font="2">ressonância magnética functional (04, 146) </text>
<text top="1080" left="128" width="92" height="20" font="2">galantamine </text>
<text top="1080" left="473" width="136" height="20" font="2">galantamina (151) </text>
<text top="1121" left="128" width="189" height="20" font="2">gamma-aminobutyric acid</text>
<text top="1121" left="317" width="4" height="20" font="3"><i> </i></text>
<text top="1121" left="473" width="315" height="20" font="2">ácido gama-aminobutírico (gaba) (39, 136) </text>
</page>
<page number="189" position="absolute" top="0" left="0" height="1263" width="892">
<text top="128" left="128" width="99" height="20" font="2">garlic extract </text>
<text top="128" left="473" width="155" height="20" font="2">extrato de alho (181) </text>
<text top="169" left="128" width="104" height="20" font="2">gastric cancer </text>
<text top="169" left="473" width="210" height="20" font="2">câncer gástrico (51, 195, 71) </text>
<text top="211" left="128" width="118" height="20" font="2">genetic adjuvant</text>
<text top="211" left="246" width="4" height="20" font="3"><i> </i></text>
<text top="211" left="473" width="183" height="20" font="2">adjuvante genético (213) </text>
<text top="252" left="128" width="118" height="20" font="2">genetic advising</text>
<text top="252" left="245" width="4" height="20" font="3"><i> </i></text>
<text top="252" left="473" width="229" height="20" font="2">aconselhamento genético (121) </text>
<text top="293" left="128" width="115" height="20" font="2">genetic therapy </text>
<text top="293" left="473" width="139" height="20" font="2">terapia gênica (78) </text>
<text top="335" left="128" width="97" height="20" font="2">glucosimeter </text>
<text top="335" left="473" width="129" height="20" font="2">glicosímetro (82) </text>
<text top="376" left="128" width="93" height="20" font="2">glycine max </text>
<text top="376" left="473" width="188" height="20" font="2">isoflavona aglicona (222) </text>
<text top="418" left="128" width="73" height="20" font="2">gomesina </text>
<text top="418" left="473" width="108" height="20" font="2">gomesina (26) </text>
<text top="459" left="128" width="276" height="20" font="2">granulocyte colony-stimulating factor </text>
<text top="459" left="473" width="339" height="20" font="2">fator de estimulação de colônia de granulócito </text>
<text top="500" left="473" width="43" height="20" font="2">(207) </text>
<text top="542" left="128" width="128" height="20" font="2">growth hormone  </text>
<text top="542" left="473" width="231" height="20" font="2">hormônio de crescimento (126) </text>
<text top="583" left="128" width="175" height="20" font="2">hairy-tailed bolo mouse </text>
<text top="583" left="473" width="188" height="20" font="2">rato do rabo peludo (179) </text>
<text top="625" left="128" width="96" height="20" font="2">hantavirosis  </text>
<text top="625" left="473" width="131" height="20" font="2">hantavirose (179) </text>
<text top="666" left="128" width="103" height="20" font="2">hemoderived  </text>
<text top="666" left="473" width="151" height="20" font="2">hemoderivado (188) </text>
<text top="707" left="128" width="206" height="20" font="2">hemolytic uremic syndrome </text>
<text top="707" left="473" width="249" height="20" font="2">síndrome hemolítica urêmica (98) </text>
<text top="749" left="128" width="103" height="20" font="2">hemopressine </text>
<text top="749" left="473" width="147" height="20" font="2">hemopressina (205) </text>
<text top="790" left="128" width="76" height="20" font="2">hemopure </text>
<text top="790" left="473" width="111" height="20" font="2">hemopure (15) </text>
<text top="831" left="128" width="144" height="20" font="2">hemorrhagic colitis </text>
<text top="831" left="473" width="187" height="20" font="2">colites hemorrágicas (98) </text>
<text top="873" left="128" width="142" height="20" font="2">hemorrhagic shock </text>
<text top="873" left="473" width="219" height="20" font="2">choque hemorrágico (12, 14)) </text>
<text top="914" left="128" width="188" height="20" font="2">heterolog peripheral graft </text>
<text top="914" left="473" width="249" height="20" font="2">enxerto periférico heterólogo (34) </text>
<text top="956" left="128" width="100" height="20" font="2">homocisteine </text>
<text top="956" left="473" width="144" height="20" font="2">homocisteína (124) </text>
<text top="997" left="128" width="112" height="20" font="2">homocistinuria </text>
<text top="997" left="473" width="156" height="20" font="2">homocistinúria (124) </text>
<text top="1038" left="128" width="208" height="20" font="2">hormonal reposition therapy </text>
<text top="1038" left="473" width="283" height="20" font="2">terapia de reposição hormonal (03, 67) </text>
<text top="1080" left="128" width="207" height="20" font="2">hybrid scintillation chamber </text>
<text top="1080" left="473" width="251" height="20" font="2">câmara de cintilação híbrida (142) </text>
<text top="1121" left="128" width="133" height="20" font="2">hydrogel dressing </text>
<text top="1121" left="473" width="184" height="20" font="2">curativo de hidrogel (18) </text>
</page>
<page number="190" position="absolute" top="0" left="0" height="1263" width="892">
<text top="128" left="128" width="108" height="20" font="2">hydroxiapatita </text>
<text top="128" left="473" width="148" height="20" font="2">hidroxiapatita (236) </text>
<text top="169" left="128" width="148" height="20" font="2">hyperbilirrubinemia </text>
<text top="169" left="473" width="188" height="20" font="2">hiperbilirrubinemia (223) </text>
<text top="211" left="128" width="153" height="20" font="2">hyperimmune serum </text>
<text top="211" left="473" width="165" height="20" font="2">soro hiperimune (253) </text>
<text top="252" left="128" width="101" height="20" font="2">hypernasality </text>
<text top="252" left="473" width="152" height="20" font="2">hipernasalidade (20) </text>
<text top="293" left="128" width="149" height="20" font="2">hypoglycemic crisis </text>
<text top="293" left="473" width="188" height="20" font="2">crise hipoglicêmica (133) </text>
<text top="335" left="128" width="113" height="20" font="2">imprinted gene </text>
<text top="335" left="473" width="192" height="20" font="2">genes do imprinting (141) </text>
<text top="376" left="128" width="97" height="20" font="2">indirect elisa </text>
<text top="376" left="473" width="141" height="20" font="2">elisa indireto (231) </text>
<text top="418" left="128" width="685" height="20" font="2">indocyanine green mediated photothrombosis  fototrombose mediada pela indocianina verde </text>
<text top="459" left="473" width="43" height="20" font="2">(162) </text>
<text top="500" left="128" width="250" height="20" font="2">feline spongiform encephalopathy </text>
<text top="500" left="473" width="326" height="20" font="2">encefalopatia espongiforme felina (fse)(144) </text>
<text top="542" left="128" width="163" height="20" font="2">inibidor de montagem </text>
<text top="542" left="473" width="162" height="20" font="2">setting inhibitor (161) </text>
<text top="583" left="128" width="174" height="20" font="2">instrumentalized crutch </text>
<text top="583" left="473" width="220" height="20" font="2">muleta instrumentalizada (29) </text>
<text top="625" left="128" width="226" height="20" font="2">instrumentalized walking stick </text>
<text top="625" left="473" width="227" height="20" font="2">bengala instrumentalizada (29) </text>
<text top="666" left="128" width="192" height="20" font="2">insulin-degrading enzyme </text>
<text top="666" left="473" width="275" height="20" font="2">ensima degradadora de insulina (159) </text>
<text top="707" left="128" width="133" height="20" font="2">interferon gamma </text>
<text top="707" left="473" width="162" height="20" font="2">interferon gama (131) </text>
<text top="749" left="128" width="148" height="20" font="2">intestinal metaplasy </text>
<text top="749" left="473" width="186" height="20" font="2">metaplasia intestinal (51) </text>
<text top="790" left="128" width="151" height="20" font="2">intestinal microflora </text>
<text top="790" left="473" width="194" height="20" font="2">microflora intestinal (222) </text>
<text top="831" left="128" width="169" height="20" font="2">intrasurgery topograph </text>
<text top="831" left="473" width="220" height="20" font="2">topógrafo intracirúrgico (177) </text>
<text top="873" left="128" width="251" height="20" font="2">ischemic cerebrovascular accident </text>
<text top="873" left="473" width="304" height="20" font="2">acidente vascular cerebral isquêmico (37) </text>
<text top="914" left="128" width="165" height="20" font="2">ischemic heart disease </text>
<text top="914" left="473" width="259" height="20" font="2">doença isquêmica do coração (184) </text>
<text top="956" left="128" width="60" height="20" font="2">jacalina </text>
<text top="956" left="473" width="104" height="20" font="2">jacalina (148) </text>
<text top="997" left="128" width="78" height="20" font="2">kainic acid</text>
<text top="997" left="206" width="4" height="20" font="3"><i> </i></text>
<text top="997" left="473" width="134" height="20" font="2">ácido caínico (09) </text>
<text top="1038" left="128" width="77" height="20" font="2">kava kava </text>
<text top="1038" left="473" width="120" height="20" font="2">kava kava (101) </text>
<text top="1080" left="128" width="113" height="20" font="2">koch’s bacillus </text>
<text top="1080" left="473" width="180" height="20" font="2">bacilo de koch (97, 257) </text>
<text top="1121" left="128" width="53" height="20" font="2">leptine </text>
<text top="1121" left="473" width="97" height="20" font="2">leptina (210) </text>
</page>
<page number="191" position="absolute" top="0" left="0" height="1263" width="892">
<text top="128" left="128" width="105" height="20" font="2">limbic system </text>
<text top="128" left="473" width="152" height="20" font="2">sistema límbico (60) </text>
<text top="169" left="128" width="48" height="20" font="2">liquor </text>
<text top="169" left="473" width="82" height="20" font="2">líquor (19) </text>
<text top="211" left="128" width="44" height="20" font="2">lopap </text>
<text top="211" left="473" width="88" height="20" font="2">lopap (252) </text>
<text top="252" left="128" width="88" height="20" font="2">lung cancer </text>
<text top="252" left="473" width="265" height="20" font="2">câncer de pulmão (48, 168, 52, 165) </text>
<text top="293" left="128" width="101" height="20" font="2">lutz’s disease </text>
<text top="293" left="473" width="128" height="20" font="2">mal de lutz (178) </text>
<text top="335" left="128" width="114" height="20" font="2">maculosa fever </text>
<text top="335" left="473" width="157" height="20" font="2">febre maculosa (110) </text>
<text top="376" left="128" width="131" height="20" font="2">mad cow disease  </text>
<text top="376" left="473" width="201" height="20" font="2">doença da vaca louca (144) </text>
<text top="418" left="128" width="126" height="20" font="2">mad cow disease </text>
<text top="418" left="473" width="240" height="20" font="2">mal da vaca louca (41, 125, 144) </text>
<text top="459" left="128" width="100" height="20" font="2">mama cancer </text>
<text top="459" left="473" width="339" height="20" font="2">câncer de mama (120, 120, 2, 147, 169, 128, </text>
<text top="480" left="602" width="190" height="20" font="2">67, 143, 119, 160, 139, 3) </text>
<text top="500" left="128" width="138" height="20" font="2">marmoset monkey </text>
<text top="500" left="473" width="181" height="20" font="2">sagü de tufo branco (11) </text>
<text top="542" left="128" width="141" height="20" font="2">mass espectometry </text>
<text top="542" left="473" width="224" height="20" font="2">espectrometria de massa (233) </text>
<text top="583" left="128" width="205" height="20" font="2">mathematical epidemiology </text>
<text top="583" left="473" width="229" height="20" font="2">epidemiologia matemática (73) </text>
<text top="625" left="128" width="161" height="20" font="2">median raphe nucleus </text>
<text top="625" left="473" width="207" height="20" font="2">núcleo mediano da rafe (60) </text>
<text top="666" left="128" width="151" height="20" font="2">medular heart attack </text>
<text top="666" left="473" width="150" height="20" font="2">infarto medular (70) </text>
<text top="707" left="128" width="111" height="20" font="2">medular injury </text>
<text top="707" left="473" width="139" height="20" font="2">lesão medular (70) </text>
<text top="749" left="128" width="84" height="20" font="2">memantina </text>
<text top="749" left="473" width="128" height="20" font="2">memantina (136) </text>
<text top="790" left="128" width="220" height="20" font="2">mesial temporal lobe epilepsy </text>
<text top="790" left="473" width="281" height="20" font="2">epilepsia de lobo temporal mesial (09) </text>
<text top="831" left="128" width="133" height="20" font="2">metapneumovirus </text>
<text top="831" left="473" width="177" height="20" font="2">metapneumovírus (255) </text>
<text top="873" left="128" width="158" height="20" font="2">metilmalonic acidose </text>
<text top="873" left="473" width="209" height="20" font="2">acidose metilmalônica (206) </text>
<text top="914" left="128" width="83" height="20" font="2">microarray </text>
<text top="914" left="473" width="217" height="20" font="2">microarray (234, 48, 86, 171) </text>
<text top="956" left="128" width="93" height="20" font="2">microneedle </text>
<text top="956" left="473" width="138" height="20" font="2">microagulha (152) </text>
<text top="997" left="128" width="86" height="20" font="2">microtrans  </text>
<text top="997" left="473" width="116" height="20" font="2">microtrans (16) </text>
<text top="1038" left="128" width="79" height="20" font="2">mimivirus </text>
<text top="1038" left="473" width="122" height="20" font="2">mimivírus (122) </text>
<text top="1080" left="128" width="158" height="20" font="2">mitocondrial genome </text>
<text top="1080" left="473" width="192" height="20" font="2">genoma mitocondrial (92) </text>
<text top="1121" left="128" width="144" height="20" font="2">molecular biologist </text>
<text top="1121" left="473" width="242" height="20" font="2">biólogo molecular (02, 157, 192) </text>
</page>
<page number="192" position="absolute" top="0" left="0" height="1263" width="892">
<text top="128" left="128" width="150" height="20" font="2">molecular capsuling </text>
<text top="128" left="473" width="231" height="20" font="2">encapsulamneto molecular (87) </text>
<text top="169" left="128" width="140" height="20" font="2">molecular genetics </text>
<text top="169" left="473" width="220" height="20" font="2">genética molecular (104, 129) </text>
<text top="211" left="128" width="176" height="20" font="2">mountain cabbage palm </text>
<text top="211" left="473" width="214" height="20" font="2">açaizeiro-do-amazonas (150) </text>
<text top="252" left="128" width="102" height="20" font="2">mouth cancer </text>
<text top="252" left="473" width="249" height="20" font="2">câncer de boca (164, 31,195, 139) </text>
<text top="293" left="128" width="139" height="20" font="2">multiple esclerosis </text>
<text top="293" left="473" width="178" height="20" font="2">esclerose múltipla (243) </text>
<text top="335" left="128" width="136" height="20" font="2">multipotential cell </text>
<text top="335" left="473" width="199" height="20" font="2">célula multipotencial (238) </text>
<text top="376" left="128" width="165" height="20" font="2">muschroom of the sun </text>
<text top="376" left="473" width="167" height="20" font="2">cogumelo do sol (193) </text>
<text top="418" left="128" width="105" height="20" font="2">myelin sheath </text>
<text top="418" left="473" width="167" height="20" font="2">bainha de mielina (37) </text>
<text top="459" left="128" width="156" height="20" font="2">myelingomeningocel </text>
<text top="459" left="473" width="172" height="20" font="2">mielomeningocele (19) </text>
<text top="500" left="128" width="72" height="20" font="2">naranjilla </text>
<text top="500" left="473" width="171" height="20" font="2">mamica-de-cadela (38) </text>
<text top="542" left="128" width="134" height="20" font="2">neromorphometry </text>
<text top="542" left="473" width="179" height="20" font="2">neuromorfometria (242) </text>
<text top="583" left="128" width="121" height="20" font="2">nervous bulimia </text>
<text top="583" left="473" width="163" height="20" font="2">bulimia nervosa (167) </text>
<text top="625" left="128" width="117" height="20" font="2">neuractive drug </text>
<text top="625" left="473" width="151" height="20" font="2">droga neurativa (91) </text>
<text top="666" left="128" width="92" height="20" font="2">nitric oxide  </text>
<text top="666" left="473" width="149" height="20" font="2">óxido nítrico (8, 90) </text>
<text top="707" left="128" width="226" height="20" font="2">obsessive-compulsive disorder </text>
<text top="707" left="473" width="313" height="20" font="2">transtorno obsessivo compulsivo (tco) (61) </text>
<text top="749" left="128" width="77" height="20" font="2">odds-ratio </text>
<text top="749" left="473" width="170" height="20" font="2">razão de chances (130) </text>
<text top="790" left="128" width="114" height="20" font="2">odondogeriatry </text>
<text top="790" left="473" width="158" height="20" font="2">odontogeriatria (176) </text>
<text top="831" left="128" width="165" height="20" font="2">open-sky fetal surgery </text>
<text top="831" left="473" width="223" height="20" font="2">cirurgia fetal a céu aberto (19) </text>
<text top="873" left="128" width="129" height="20" font="2">open-sky surgery </text>
<text top="873" left="473" width="186" height="20" font="2">cirurgia a céu aberto (19) </text>
<text top="914" left="128" width="106" height="20" font="2">optical biopsy </text>
<text top="914" left="473" width="148" height="20" font="2">biópsia óptica (189) </text>
<text top="956" left="128" width="106" height="20" font="2">optical biopsy </text>
<text top="956" left="473" width="148" height="20" font="2">biópsia óptica (189) </text>
<text top="997" left="128" width="111" height="20" font="2">optical caliper  </text>
<text top="997" left="473" width="126" height="20" font="2">pinça ótica (138) </text>
<text top="1038" left="128" width="108" height="20" font="2">optical scalpel </text>
<text top="1038" left="473" width="143" height="20" font="2">bisturi óptico (138) </text>
<text top="1080" left="128" width="106" height="20" font="2">oral mucositis </text>
<text top="1080" left="473" width="145" height="20" font="2">mucosite oral (137) </text>
<text top="1121" left="128" width="97" height="20" font="2">organic graft </text>
<text top="1121" left="473" width="160" height="20" font="2">enxerto orgânico (34) </text>
</page>
<page number="193" position="absolute" top="0" left="0" height="1263" width="892">
<text top="128" left="128" width="116" height="20" font="2">oxidative stress </text>
<text top="128" left="473" width="176" height="20" font="2">estresse oxidativo (195) </text>
<text top="169" left="128" width="118" height="20" font="2">palpebral ptosis </text>
<text top="169" left="473" width="148" height="20" font="2">ptose palpebral (27) </text>
<text top="211" left="128" width="126" height="20" font="2">pancreatic island </text>
<text top="211" left="473" width="166" height="20" font="2">ilhota pancreática (07) </text>
<text top="252" left="128" width="86" height="20" font="2">panic crisis </text>
<text top="252" left="473" width="147" height="20" font="2">crise de pânico (39) </text>
<text top="293" left="128" width="107" height="20" font="2">panic disorder </text>
<text top="293" left="473" width="196" height="20" font="2">transtorno do pânico (225) </text>
<text top="335" left="128" width="112" height="20" font="2">papiloma virus </text>
<text top="335" left="473" width="146" height="20" font="2">papiloma vírus (58) </text>
<text top="376" left="128" width="238" height="20" font="2">parasympathetic nervous system </text>
<text top="376" left="473" width="267" height="20" font="2">sistema nervoso parassimpático (72) </text>
<text top="418" left="128" width="173" height="20" font="2">paraventricular nucleus </text>
<text top="418" left="473" width="200" height="20" font="2">núcleo paraventricular (89) </text>
<text top="459" left="128" width="135" height="20" font="2">pariparoba extract </text>
<text top="459" left="473" width="201" height="20" font="2">extrato de pariparoba (208) </text>
<text top="500" left="128" width="144" height="20" font="2">pathologic gambler </text>
<text top="500" left="473" width="183" height="20" font="2">jogador patológico (134) </text>
<text top="542" left="128" width="93" height="20" font="2">paw of cow  </text>
<text top="542" left="473" width="137" height="20" font="2">pata de vaca (190) </text>
<text top="583" left="128" width="169" height="20" font="2">pentavalent antimonial </text>
<text top="583" left="473" width="207" height="20" font="2">antimonial pentavalente(78) </text>
<text top="625" left="128" width="136" height="20" font="2">perinatal infection </text>
<text top="625" left="473" width="176" height="20" font="2">infecção perinatal (254) </text>
<text top="666" left="128" width="193" height="20" font="2">peripheral nervous system </text>
<text top="666" left="473" width="238" height="20" font="2">sistema nervoso periférico (220) </text>
<text top="707" left="128" width="65" height="20" font="2">perlecan </text>
<text top="707" left="473" width="109" height="20" font="2">perlecan (215) </text>
<text top="749" left="128" width="150" height="20" font="2">phacoemulsification </text>
<text top="749" left="473" width="184" height="20" font="2">falcoemulsificação (177) </text>
<text top="790" left="128" width="166" height="20" font="2">photodynamic therapy </text>
<text top="790" left="473" width="259" height="20" font="2">terapia fotodinâmica (31, 139, 162) </text>
<text top="831" left="128" width="167" height="20" font="2">physiological jaundice </text>
<text top="831" left="473" width="186" height="20" font="2">icterícia fisiológica (223) </text>
<text top="873" left="128" width="106" height="20" font="2">placebo effect </text>
<text top="873" left="473" width="149" height="20" font="2">efeito placebo (216) </text>
<text top="914" left="128" width="103" height="20" font="2">pleural cavity </text>
<text top="914" left="473" width="166" height="20" font="2">cavidade pleural (174) </text>
<text top="956" left="128" width="153" height="20" font="2">pleural haemorrhage </text>
<text top="956" left="473" width="197" height="20" font="2">derrame pleural (165, 174) </text>
<text top="997" left="128" width="86" height="20" font="2">pleurodesis </text>
<text top="997" left="473" width="162" height="20" font="2">pleurodese (165, 174) </text>
<text top="1038" left="128" width="107" height="20" font="2">poliparasitism </text>
<text top="1038" left="473" width="159" height="20" font="2">poliparasitismo (184) </text>
<text top="1080" left="128" width="249" height="20" font="2">polycyclic aromatic hydrocarbons </text>
<text top="1080" left="473" width="314" height="20" font="2">hidrocarboneto policíclico aromático (219) </text>
<text top="1121" left="128" width="173" height="20" font="2">post-traumatic epilepsy </text>
<text top="1121" left="473" width="223" height="20" font="2">epilepsia pós-traumática (123) </text>
</page>
<page number="194" position="absolute" top="0" left="0" height="1263" width="892">
<text top="128" left="128" width="234" height="20" font="2">progressive muscular dystrophy </text>
<text top="128" left="473" width="299" height="20" font="2">distrofia muscular progressiva (74, 196)) </text>
<text top="169" left="128" width="194" height="20" font="2">progressive spinal atrophy </text>
<text top="169" left="473" width="292" height="20" font="2">atrofia espinhal progressiva tardia (243) </text>
<text top="211" left="128" width="78" height="20" font="2">proinsulin </text>
<text top="211" left="473" width="126" height="20" font="2">pró-insulina (54) </text>
<text top="252" left="128" width="142" height="20" font="2">prolactin secretion  </text>
<text top="252" left="473" width="208" height="20" font="2">secreção de prolactina (103) </text>
<text top="293" left="128" width="113" height="20" font="2">prostate cancer </text>
<text top="293" left="473" width="313" height="20" font="2">câncer de próstata (42, 1, 48, 224, 52, 171) </text>
<text top="335" left="128" width="163" height="20" font="2">protein cristalography </text>
<text top="335" left="473" width="244" height="20" font="2">cristalografia de proteínas (6, 77) </text>
<text top="376" left="128" width="147" height="20" font="2">psidium guyanensis </text>
<text top="376" left="473" width="141" height="20" font="2">araçá-d’água (221) </text>
<text top="418" left="128" width="178" height="20" font="2">pyridostigmine bromide </text>
<text top="418" left="473" width="192" height="20" font="3"><i>brometo de piridostigmina</i></text>
<text top="418" left="665" width="34" height="20" font="2">(72) </text>
<text top="459" left="128" width="140" height="20" font="2">quadruple vaccine  </text>
<text top="459" left="473" width="176" height="20" font="2">vacina quádrupla (251)  </text>
<text top="500" left="128" width="155" height="20" font="2">quimical carcinosese </text>
<text top="500" left="473" width="212" height="20" font="2">carcinogênese química (198) </text>
<text top="542" left="128" width="95" height="20" font="2">radiosurgery </text>
<text top="542" left="473" width="132" height="20" font="2">radiocirurgia (61) </text>
<text top="583" left="128" width="186" height="20" font="2">raging depression of leão </text>
<text top="583" left="473" width="205" height="20" font="2">depressão alastrante de leão </text>
<text top="583" left="678" width="4" height="20" font="3"><i> </i></text>
<text top="583" left="683" width="70" height="20" font="2">(91, 158) </text>
<text top="625" left="128" width="49" height="20" font="2">raman </text>
<text top="625" left="473" width="97" height="20" font="2">raman (135)  </text>
<text top="666" left="128" width="142" height="20" font="2">reemergent disease </text>
<text top="666" left="473" width="192" height="20" font="2">doença reemergente (197) </text>
<text top="707" left="128" width="138" height="20" font="2">regulator hormone </text>
<text top="707" left="473" width="183" height="20" font="2">hormônio regulador (07) </text>
<text top="749" left="128" width="107" height="20" font="2">repair enzyme </text>
<text top="749" left="473" width="172" height="20" font="2">enzima de reparo (226) </text>
<text top="790" left="128" width="155" height="20" font="2">reproductive biology </text>
<text top="790" left="473" width="194" height="20" font="2">biologia reprodutiva (141) </text>
<text top="831" left="128" width="154" height="20" font="2">reproductive cloning </text>
<text top="831" left="473" width="196" height="20" font="2">clonagem reprodutiva (64) </text>
<text top="873" left="128" width="140" height="20" font="2">retina angiography </text>
<text top="873" left="473" width="197" height="20" font="2">angiografia de retina (162) </text>
<text top="914" left="128" width="165" height="20" font="2">retinal binding protein </text>
<text top="914" left="473" width="249" height="20" font="2">retinal binding protein (rbp) (191) </text>
<text top="956" left="128" width="157" height="20" font="2">sacarura-mirá extract </text>
<text top="956" left="473" width="214" height="20" font="2">extrato de saracura-mirá (22) </text>
<text top="997" left="128" width="111" height="20" font="2">sage technique </text>
<text top="997" left="473" width="157" height="20" font="2">técnica de sage (173) </text>
<text top="1038" left="128" width="139" height="20" font="2">saint charles’ hand </text>
<text top="1038" left="473" width="167" height="20" font="2">mão de são carlos (29) </text>
<text top="1080" left="128" width="125" height="20" font="2">saint john’s wort </text>
<text top="1080" left="473" width="200" height="20" font="2">erva-de-são-joão (101,102) </text>
<text top="1121" left="128" width="67" height="20" font="2">salgadão </text>
<text top="1121" left="473" width="102" height="20" font="2">salgadão (12) </text>
</page>
<page number="195" position="absolute" top="0" left="0" height="1263" width="892">
<text top="128" left="128" width="206" height="20" font="2">senile systemic amyloidosis </text>
<text top="128" left="473" width="237" height="20" font="2">amiloidose sistêmica senil (117) </text>
<text top="169" left="128" width="93" height="20" font="2">septic shock </text>
<text top="169" left="473" width="155" height="20" font="2">choque séptico (180) </text>
<text top="211" left="128" width="210" height="20" font="2">serious cardiac insufficiency </text>
<text top="211" left="473" width="249" height="20" font="2">insuficiência cardíaca grave (220) </text>
<text top="252" left="128" width="138" height="20" font="2">serious miastenia   </text>
<text top="252" left="473" width="152" height="20" font="2">miastenia grave (72) </text>
<text top="293" left="128" width="251" height="20" font="2">severe acute respiratory syndrome </text>
<text top="293" left="473" width="339" height="20" font="2">síndrome respiratória aguda severa (sars) (96, </text>
<text top="335" left="473" width="37" height="20" font="2">115) </text>
<text top="376" left="128" width="55" height="20" font="2">shitake </text>
<text top="376" left="473" width="99" height="20" font="2">shitake (193) </text>
<text top="418" left="128" width="95" height="20" font="2">silver nitrate </text>
<text top="418" left="473" width="188" height="20" font="2">nitrato de prata (174,165) </text>
<text top="459" left="128" width="77" height="20" font="2">simocaina </text>
<text top="459" left="473" width="112" height="20" font="2">simocaína (25) </text>
<text top="500" left="128" width="187" height="20" font="2">sincicial respiratory vírus </text>
<text top="500" left="473" width="308" height="20" font="2">vírus respiratório sincicial (182, 244, 255) </text>
<text top="542" left="128" width="86" height="20" font="2">skin câncer </text>
<text top="542" left="473" width="339" height="20" font="2">câncer  de  pele  (239,  32,  31,  226,  139,  108, </text>
<text top="583" left="473" width="28" height="20" font="2">10) </text>
<text top="625" left="128" width="202" height="20" font="2">skin-mucosal leishmaniasis </text>
<text top="625" left="473" width="254" height="20" font="2">leishmaniose cutâneo-mucosa (99) </text>
<text top="666" left="128" width="119" height="20" font="2">sleep disturbing </text>
<text top="666" left="473" width="173" height="20" font="2">distúrbio do sono (202) </text>
<text top="707" left="128" width="86" height="20" font="2">stereotactic </text>
<text top="707" left="260" width="100" height="20" font="2">gamma-knife </text>
<text top="707" left="407" width="61" height="20" font="2">anterior </text>
<text top="749" left="128" width="96" height="20" font="2">capsulotomy </text>
<text top="707" left="473" width="339" height="20" font="2">capsulotomia  anterior  estereotáxica  por </text>
<text top="749" left="473" width="135" height="20" font="2">gamma-knife (61) </text>
<text top="790" left="128" width="116" height="20" font="2">stomach cancer </text>
<text top="790" left="473" width="280" height="20" font="2">câncer de estômago (184, 198, 52, 51) </text>
<text top="831" left="128" width="126" height="20" font="2">stone breaker tea </text>
<text top="831" left="473" width="194" height="20" font="2">chá de quebra-pedra (191) </text>
<text top="873" left="128" width="130" height="20" font="2">sydenham chorea </text>
<text top="873" left="473" width="191" height="20" font="2">coréia de sydenham (111) </text>
<text top="914" left="128" width="217" height="20" font="2">sympathetic nervous terminal </text>
<text top="914" left="473" width="244" height="20" font="2">terminal nervoso simpático (220) </text>
<text top="956" left="128" width="127" height="20" font="2">systemic biology </text>
<text top="956" left="473" width="169" height="20" font="2">biologia sistèmica (17) </text>
<text top="997" left="128" width="142" height="20" font="2">systemic esclerosis </text>
<text top="997" left="473" width="176" height="20" font="2">esclerose sistêmica (37) </text>
<text top="1038" left="128" width="220" height="20" font="2">systemic lupus erythematosus </text>
<text top="1038" left="473" width="275" height="20" font="2">lúpus eritematoso sistêmico (37, 157) </text>
<text top="1080" left="128" width="151" height="20" font="2">takimoto’s prothesis </text>
<text top="1080" left="473" width="181" height="20" font="2">prótese de takimoto (75) </text>
<text top="1121" left="128" width="118" height="20" font="2">teleconsultation </text>
<text top="1121" left="473" width="125" height="20" font="2">teleconsulta (40) </text>
</page>
<page number="196" position="absolute" top="0" left="0" height="1263" width="892">
<text top="128" left="128" width="172" height="20" font="2">temporalization system </text>
<text top="128" left="473" width="225" height="20" font="2">sistema de temporização (127) </text>
<text top="169" left="128" width="143" height="20" font="2">therapeutic cloning </text>
<text top="169" left="473" width="318" height="20" font="2">clonagem terapêutica (62, 64, 65, 163, 200) </text>
<text top="211" left="128" width="111" height="20" font="2">tireoide cancer </text>
<text top="211" left="473" width="176" height="20" font="2">câncer de tireóide (204) </text>
<text top="252" left="128" width="80" height="20" font="2">transretine </text>
<text top="252" left="473" width="140" height="20" font="2">transtirretina (117) </text>
<text top="293" left="128" width="103" height="20" font="2">transcriptome </text>
<text top="293" left="473" width="147" height="20" font="2">transcriptoma (173) </text>
<text top="335" left="128" width="132" height="20" font="2">transgenic insulin </text>
<text top="335" left="473" width="183" height="20" font="2">insulina transgênica (95) </text>
<text top="376" left="128" width="136" height="20" font="2">travelers’ diarrhea </text>
<text top="376" left="473" width="178" height="20" font="2">diarréia do viajante (98) </text>
<text top="418" left="128" width="127" height="20" font="2">tripanossomicide </text>
<text top="418" left="473" width="171" height="20" font="2">tripanossomicida (199) </text>
<text top="459" left="128" width="59" height="20" font="2">trocater </text>
<text top="459" left="473" width="94" height="20" font="2">trocáter (19) </text>
<text top="500" left="128" width="114" height="20" font="2">tula de besouro </text>
<text top="500" left="473" width="194" height="20" font="2">tula de besouro (131, 136) </text>
<text top="542" left="128" width="67" height="20" font="2">tunicato  </text>
<text top="542" left="473" width="106" height="20" font="2">tunicato (107) </text>
<text top="583" left="128" width="123" height="20" font="2">turner syndrome </text>
<text top="583" left="473" width="220" height="20" font="2">síndrome de turner (248, 154) </text>
<text top="625" left="128" width="78" height="20" font="2">ubiquitine </text>
<text top="625" left="473" width="121" height="20" font="2">ubiquitina (232) </text>
<text top="666" left="128" width="117" height="20" font="2">unstable angina </text>
<text top="666" left="473" width="156" height="20" font="2">angina instável (124) </text>
<text top="707" left="128" width="128" height="20" font="2">vanadyl complex </text>
<text top="707" left="473" width="193" height="20" font="2">complexo de vanádio (50) </text>
<text top="749" left="128" width="114" height="20" font="2">varicella zoster </text>
<text top="749" left="473" width="154" height="20" font="2">varicela-zoster (231) </text>
<text top="790" left="128" width="122" height="20" font="2">vasoconstriction </text>
<text top="790" left="473" width="195" height="20" font="2">ação vasoconstritora (180) </text>
<text top="831" left="128" width="184" height="20" font="2">velofaringea dysfunction </text>
<text top="831" left="473" width="203" height="20" font="2">disfunção velofaríngea (20) </text>
<text top="873" left="128" width="174" height="20" font="2">ventricular vebrillation  </text>
<text top="873" left="473" width="226" height="20" font="2">fibrilação ventricular (53, 156) </text>
<text top="914" left="128" width="152" height="20" font="2">vernonia condensata </text>
<text top="914" left="473" width="83" height="20" font="2">alumã (21) </text>
<text top="956" left="128" width="145" height="20" font="2">videodermatoscopy </text>
<text top="956" left="473" width="194" height="20" font="2">videodermatoscópio (239) </text>
<text top="997" left="128" width="128" height="20" font="2">videomicroscopy </text>
<text top="997" left="473" width="167" height="20" font="2">videomicroscopia (91) </text>
<text top="1038" left="128" width="102" height="20" font="2">viral load test </text>
<text top="1038" left="473" width="174" height="20" font="2">teste de carga viral (81) </text>
<text top="1080" left="128" width="101" height="20" font="2">walker tumor </text>
<text top="1080" left="473" width="166" height="20" font="2">tumor de walker (211) </text>
<text top="1121" left="128" width="85" height="20" font="2">water belly </text>
<text top="1121" left="473" width="152" height="20" font="2">barriga d’água (201) </text>
</page>
<page number="197" position="absolute" top="0" left="0" height="1263" width="892">
<text top="128" left="128" width="110" height="20" font="2">west nile fever </text>
<text top="128" left="473" width="231" height="20" font="2">febre do oeste do nilo (05, 115) </text>
<text top="169" left="128" width="155" height="20" font="2">western brackenfern  </text>
<text top="169" left="473" width="257" height="20" font="2">samamabaia das taperas (194, 228) </text>
<text top="211" left="128" width="101" height="20" font="2">womb cancer </text>
<text top="211" left="473" width="215" height="20" font="2">câncer de colo de útero (194) </text>
<text top="252" left="128" width="147" height="20" font="2">xenotransplantation </text>
<text top="252" left="473" width="162" height="20" font="2">xenotransplante (258) </text>
<text top="293" left="128" width="4" height="20" font="2"> </text>
</page>
</pdf2xml>
