{
  "abeta": "abeta (159)",
  "accidente vascular cerebral isquemico": "acidente vascular cerebral isquêmico (37)",
  "acción vasoconstritora": "ação vasoconstritora (180)",
  "acidemia metilmalónica": "acidose metilmalônica (206)",
  "acido acetilsalicílico": "acido acetilsalicílico (66)",
  "acido caínico": "acido caínico (09)",
  "acido gama-aminobutírico": "ácido gama-aminobutírico (gaba) (39, 136)",
  "aconsejamiento genético": "aconselhamento genético (121)",
  "adjuvante genético": "adjuvante genético (213)",
  "alergia asmática": "alergia asmática (245)",
  "alfa tocoferol": "alfa tocoferol (208)",
  "aluma": "alumã (21)",
  "amiloidose sistémica senil": "amiloidose sistêmica senil (117)",
  "análise biomecánica": "análise biomecânica (80)",
  "angina inestable": "angina instável (124)",
  "angiografia de la retina": "angiografia de retina (162)",
  "antimonial pentavalente": "antimonial pentavalente(78)",
  "apicoplasto": "apicoplasto (35)",
  "apoptose": "apoptose (10, 84, 157, 256)",
  "apósito biocompatible": "curativo biocompatível (56)",
  "apósito de hidrogel": "curativo de hidrogel (18)",
  "araraquara": "araraquara (179)",
  "artrodistrator": "artrodistrator (28)",
  "astemizol": "astemizol (105)",
  "atrofia espinal progresiva tardia": "atrofia espinhal progressiva tardia (243)",
  "avium": "avium (199)",
  "bacilo de koch": "bacilo de koch (97, 257)",
  "baciloscopia": "baciloscopia (116)",
  "bacteria cariogénica": "bactéria cariogênica (23)",
  "bactéria enterohemorrágica": "bactéria entero-hemorrágica (98)",
  "baina de mielina": "bainha de mielina (37)",
  "barriga d’agua": "barriga d’água (201)",
  "barriga de cerveja": "barriga de cerveja (36)",
  "bastón instrumentalizado": "bengala instrumentalizada (29)",
  "beta amiloide": "beta amilóide (97, 136, 209)",
  "beta bloqueador": "beta bloqueador (216)",
  "bioadhesión": "bioadesão (236)",
  "biochip": "biochip (187)",
  "bioinformatica": "bioinformática (120)",
  "bioingeniero": "bioengenheiro (70)",
  "biología reproductiva": "biologia reprodutiva (141)",
  "biología sistémica": "biologia sistèmica (17)",
  "biólogo molecular": "biólogo molecular (02, 157, 192)",
  "biomarcador": "biomarcador (08)",
  "biomembrana": "biomembrana (75, 94)",
  "bioprótesis": "bioprótese (68)",
  "biopsia óptica": "biópsia óptica (189)",
  "bioretroalimentación": "bio feedback (202)",
  "bip suero electrónico": "bipsoro eletrônico (227)",
  "bisturí optico": "bisturi óptico (138)",
  "blockbuster": "blockbuster (30)",
  "brometo piridostigmina": "brometo de piridostigmina (72)",
  "bronco dilatacíon": "broncodilatação (24)",
  "broncoconstricción": "broncoconstrição (24)",
  "bronquiolitis": "bronquiolite (182)",
  "bulimia nervosa": "bulimia nervosa (167)",
  "cámara de cintilación híbrida": "câmara de cintilação híbrida (142)",
  "cáncer de boca": "câncer de boca (164, 31,195, 139)",
  "cáncer de mama": "câncer  de  mama  (120,  120,  2,  147,  169,  128,  67, 143, 119, 160, 139, 3)",
  "cáncer de próstata": "câncer de próstata (42, 1, 48, 224, 52, 171)",
  "cáncer de pulmón": "câncer de pulmão (48, 168, 52, 165)",
  "cáncer de tireóide": "câncer de tireóide (204)",
  "cáncer del colon": "câncer de cólon  (135, 79, 93, 52)",
  "cáncer del cuello del útero": "câncer de colo de útero (194)",
  "cáncer del estómago": "câncer de estômago (184, 198, 52, 51)",
  "cáncer del piel": "câncer de pele (239, 32, 31, 226, 139, 108, 10)",
  "cáncer gástrico": "câncer gástrico (51, 195, 71)",
  "capsulotomia  anterior  estereotáxica  por gamma-knife": "capsulotomia  anterior  estereotáxica  por  gamma- knife (61)",
  "caramboleira": "caramboleira (69)",
  "carcinogénesis química": "carcinogênese química (198)",
  "catuama": "catuama (156, 53)",
  "cavidade pleural": "cavidade pleural (174)",
  "célula multipotencial": "célula multipotencial (238)",
  "celula progenitora embrionaria": "célula progenitora embrionária (55, 238)",
  "ceratoscopia": "ceratoscopia (177)",
  "champiñón del sol": "cogumelo do sol (193)",
  "chip de dna": "chip de dna (48, 153,187)",
  "choque hemorrágico": "choque hemorrágico (12, 14))",
  "choque séptico": "choque séptico (180)",
  "cingulotomia anterior": "cingulotomia anterior (61)",
  "cirurgía a cielo abierto": "cirurgia a céu aberto (19)",
  "cirurgía fetal a cielo abierto": "cirurgia fetal a céu aberto (19)",
  "clonación reproductiva": "clonagem reprodutiva (64)",
  "clonación terapéutica": "clonagem terapêutica (62, 64, 65, 163, 200)",
  "coagulación intravascular diseminada": "coagulação intravascular disseminada (252)",
  "coagulopatía de consumo": "coagulopatia de consumo (252)",
  "colitis hemorrágica": "colites hemorrágicas (98)",
  "conplejo de vanadio": "complexo de vanádio (50)",
  "corea de sydenham": "coréia de sydenham (111)",
  "córtex cingulado": "córtex cingulado (172)",
  "craniossinostose": "craniossinostose (155)",
  "crisis de pánico": "crise de pânico (39)",
  "crisis hipoglicêmica": "crise hipoglicêmica (133)",
  "cristalografia de proteínas": "cristalografia de proteínas (6, 77)",
  "cromoblastomicose": "cromoblastomicose (76)",
  "crotoxina": "crotoxina (27)",
  "curmuma": "curcuma (45)",
  "degeneración  macular  relacionada  con la edad": "degeneração  macular  relacionada  à  idade  (dmri) (162)",
  "depresión alastrante de leão": "depressão alastrante de leão (91, 158)",
  "dermatoscopia": "dermatoscopia (239)",
  "derrame pleural": "derrame pleural (165, 174)",
  "diarrea del viajero": "diarréia do viajante (98)",
  "dicroismo circular": "dicroísmo circular (247)",
  "disfunción velofaríngea": "disfunção velofaríngea (20)",
  "distrofia muscular progresiva": "distrofia muscular progressiva (74, 196))",
  "disturbio del sueño": "distúrbio do sono (202)",
  "droga neuro-activa": "droga neurativa (91)",
  "dvideow": "dvideow - digital vídeo for biomechanics (80)",
  "efecto placebo": "efeito placebo (216)",
  "efedra": "éfedra (101)",
  "elisa in house": "elisa in house (231)",
  "elisa indireto": "elisa indireto (231)",
  "encapsulamiento molecular": "encapsulamneto molecular (87)",
  "encefalopatía espongiforme bovina": "encefalopatia espongiforme bovina (57)",
  "encefalopatía espongiforme felina": "encefalopatia espongiforme felina (fse)(144)",
  "endotelina": "endotelina (218)",
  "enfermedad de la vaca loca": "doença da vaca louca (144)",
  "enfermedad isquémica del corazón": "doença isquêmica do coração (184)",
  "enfermedad reemergente": "doença reemergente (197)",
  "ensayo clínico doble ciego": "ensaio clínico duplo-cego (216)",
  "enzima cicloxigenase": "enzima cicloxigenase (59)",
  "enzima conversora de angiotensina": "enzima  conversora  da  angiotensina  i  (eca)  (180, 233)",
  "enzima degradadora de insulina": "ensima degradadora de insulina (159)",
  "epidemiologia matemática": "epidemiologia matemática (73)",
  "epilepsia do lobo temporal mesial": "epilepsia de lobo temporal mesial (09)",
  "epilepsia postraumática": "epilepsia pós-traumática (123)",
  "equinacea": "equinácea (101)",
  "eritropoetina": "eritropoetina (47, 121)",
  "esclerose lateral amiotrófica": "esclerose lateral amiotrófica (243)",
  "esclerose múltiple": "esclerose múltipla (243)",
  "esclerose sistémica": "esclerose sistêmica (37)",
  "espectrometría de masa": "espectrometria de massa (233)",
  "espectroscopia de fluorescencia": "espectroscopia de fluorescência (189)",
  "espectroscopia de ressonância magnética nuclear": "espectroscopia  de  ressonância  nuclear  magnética (06)",
  "esquistossomicida": "esquistossomicida (88)",
  "estímulo aversivo": "estímulo aversivo (60)",
  "estrés oxidativo": "estresse oxidativo (195)",
  "extracto de ajo": "extrato de alho (181)",
  "extracto de camapu": "extrato de camapu (199)",
  "extracto de pariparoba": "extrato de pariparoba (208)",
  "extracto de saracura-mirá": "extrato de saracura mirá (22)",
  "factor de crecimiento de fibroblastos": "fator de crescimento de fibroblastos (118)",
  "factor  de  estimulación  de  colônia  de granulocito": "fator de estimulação de colônia de granulócito (207)",
  "falcoemulsificación": "falcoemulsificação (177)",
  "falsa arnica": "falsa arnica (33)",
  "falsa operación": "falsa operação (61,216)",
  "fibrilación ventricular": "fibrilação ventricular (53, 156)",
  "fiebre del oeste del nilo": "febre do oeste do nilo (05, 115)",
  "fiebre maculosa": "febre maculosa (110)",
  "fototrombois  mediada  por  indocianina verde": "fototrombose mediada pela indocianina verde (162)",
  "galantamina": "galantamina (151)",
  "gen dinámico": "genes dinámicos (170)",
  "gen do impriting": "genes do imprinting (141)",
  "gen expresso": "gene expresso (160,  173, 201)",
  "genética molecular": "genética molecular (104, 129)",
  "genoma mitocondrial": "genoma mitocondrial (92)",
  "glicosímetro": "glicosímetro (82)",
  "glucoiris": "glucoíris (82)",
  "gomesina": "gomesina (26)",
  "hantavirose": "hantavirose (179)",
  "hemoderivado": "hemoderivado (188)",
  "hemopressina": "hemopressina (205)",
  "hemopure": "hemopure (15)",
  "hidrocarburo policíclico aromático": "hidrocarboneto policíclico aromático (219)",
  "hidroxiapatita": "hidroxiapatita (236)",
  "hierba de san juan": "erva de são joão (101,102)",
  "hiperbilirrubinemia": "hiperbilirrubinemia (223)",
  "hipernasalidad": "hipernasalidade (20)",
  "hiperplasia epitelial": "hiperplasia epitelial (108)",
  "homocisteína": "homocisteína (124)",
  "homocistinuria": "homocistinúria (124)",
  "hormona del crecimiento": "hormônio de crescimento (126)",
  "hormona del crecimiento biosintético": "hormônio de crescimento biosintético (126)",
  "hormona regulador": "hormônio regulador (07)",
  "ictericia fisiológica": "icterícia fisiológica (223)",
  "imunosensor amperométrico": "imunossensor amperométrico (83)",
  "infarto medular": "infarto medular (70)",
  "infección perinatal": "infecção perinatal (254)",
  "inibidor de montaje": "setting inhibitor (161)",
  "injerto orgánico": "enxerto orgânico (34)",
  "injerto periférico heterólogo": "enxerto periférico heterólogo (34)",
  "insuficiencia cardíaca crónica": "insuficiência cardíaca crônica (220)",
  "insuficiencia cardíaca grave": "insuficiência cardíaca grave (220)",
  "insuficiencia renal aguda": "insuficiência renal aguda (191)",
  "insulina encapsulada": "insulina encapsulada (95)",
  "insulina trangénica": "insulina transgênica (95)",
  "interferon gama": "interferon gama (131)",
  "isla pancreática": "ilhota pancreática (07)",
  "isofravona aclicona": "isoflavona aglicona (222)",
  "isquemia cerebral": "isquemia cerebral (37,54)",
  "jacalina": "jacalina (148)",
  "jugador patológico": "jogador patológico (134)",
  "kava kava": "kava-kava (101)",
  "leishmaniasis cutáneo": "leishmaniose cutâneo-mucosa (99)",
  "leishmaniasis tegumentar americana": "leishmaniose tegumentar americana (lta) (186)",
  "leptina": "leptina (210)",
  "lesión medular": "lesão medular (70)",
  "leucemia mieloide aguda": "leucemia mielóide aguda (235)",
  "leucemia mieloide crónica": "leucemia mielóide crônica (235)",
  "linfoma de burkitt": "linfoma de burkitt (234)",
  "líquido cefalorraquidiano": "líquido cefalorraquidiano (19)",
  "liquor": "líquor (19)",
  "lopap": "lopap (252)",
  "lupus eritematoso sistémico": "lúpus eritematoso sistêmico (37, 157)",
  "mal de alzheimer": "mal de alzheimer (63, 109, 97)",
  "mal de chagas": "mal de chagas (203, 199)",
  "mal de creutzfeldt-jacob": "mal de creutzfeldt-jacob (57, 125)",
  "mal de lutz": "mal de lutz (178)",
  "mal de la vaca loca": "mal da vaca louca (41, 125, 144)",
  "mamica de cadela": "mamica-de-cadela (38)",
  "mano de san carlos": "mão de são carlos (29)",
  "medicina a distancia": "medicina à distância (40)",
  "medicina comportamental": "medicina comportamental (202)",
  "memantina": "memantina (136)",
  "metaplasia intestinal": "metaplasia intestinal (51)",
  "metapneumovirus": "metapneumovírus (255)",
  "miastenia grave": "miastenia grave (72)",
  "microaguja": "microagulha (152)",
  "microarray": "microarray (234, 48, 86, 171)",
  "microesfera biodegradable": "Microsferas biodegradáveis (140)",
  "microflora intestinal": "microflora intestinal (222)",
  "microscopia eletrônica de varredura": "microscopia eletrônica de varredura (236, 229)",
  "microtrans": "microtrans (16)",
  "mielomeningocele": "mielomeningocele (19)",
  "mimivirus": "mimivírus (122)",
  "mucositis oral": "mucosite oral (137)",
  "muleta instrumentalizada": "muleta instrumentalizada (29)",
  "neumonía asiática": "pneumonia asiática (183)",
  "neuromorfometria": "neuromorfometria (242)",
  "neurona biônica": "neurônio biônico (43)",
  "nitrato de prata": "nitrato de prata (174,165)",
  "nucleo mediano del rafe": "núcleo mediano da rafe (60)",
  "núcleo paraventricular": "núcleo paraventricular (89)",
  "odontogeriatría": "odontogeriatria (176)",
  "osseointegración": "osseointegração (236)",
  "oxido nítrico": "óxido nítrico (8, 90)",
  "papilomas vírus": "papiloma vírus (58)",
  "pata de vaca": "pata de vaca (190)",
  "perlecan": "perlecan (215)",
  "piel artificial": "pele artificial (56)",
  "pinzas ópticas": "pinça ótica (138)",
  "piojo de cama": "piolho de cama (132)",
  "pleurodesis": "pleurodese (165, 174)",
  "pluma grande": "pluma grande (194, 228)",
  "poliparasitismo": "poliparasitismo (184)",
  "porfiria aguda intermitente": "porfíria aguda intermitente (105)",
  "potencial evocado": "potencial evocado (70)",
  "proinsulina": "pró-insulina (54)",
  "prótese de takimoto": "prótese de takimoto (75)",
  "psidium guyanensis": "araçá d’água (221)",
  "ptosis palpebral": "ptose palpebral (27)",
  "radiocirurgia": "radiocirurgia (61)",
  "raman": "raman (135)",
  "ratón de rabo peludo": "rato do rabo peludo (179)",
  "razón de chances": "razão de chances (130)",
  "reabsorción dentária": "reabsorção dentária (85)",
  "red neural artificial": "rede neural artificial (234)",
  "repair enzyme": "enzima de reparo (226)",
  "resonancia magnética funcional": "ressonância magnética functional (04, 146)",
  "retinol binding protein": "retinal binding protein (rbp) (191)",
  "sagüi de tufo blanco": "sagü de tufo branco (11)",
  "sal de escopolamina": "sal de escopolamina (123)",
  "salgadão": "salgadão (12)",
  "samambaia-das-taperas": "samamabaia das taperas (194, 228)",
  "sarcoma de ewing": "sarcoma de ewing (234)",
  "secreción de prolactina": "secreção de prolactina (103)",
  "shitake": "shitake (193)",
  "simocaina": "simocaína (25)",
  "síndrome de fatiga crónica": "síndrome da fadiga crônica (76)",
  "síndrome de incomodidad respiratoria": "síndrome do desconforto respiratório (44, 240)",
  "síndrome de rubéola": "síndrome da rubéola congênita (73)",
  "síndrome de turner": "síndrome de turner (248, 154)",
  "síndrome hemolítica-urémica": "síndrome hemolítica urêmica (98)",
  "síndrome respiratoria aguda severa": "síndrome respiratória aguda severa (sars) (96, 115)",
  "sistema endocrino": "sistema endócrino (214)",
  "sistema límbico": "sistema límbico (60)",
  "sistema nervioso parasimpático": "sistema nervoso parassimpático (72)",
  "sistema nervioso periférico": "sistema nervoso periférico (220)",
  "sistema de temporización": "sistema de temporização (127)",
  "suero hiperimune": "soro hiperimune (253)",
  "té de quebra piedra": "chá de quebra pedra (191)",
  "tecnica de sage": "técnica de sage (173)",
  "tecnica de sorting": "teleconsulta (40)",
  "terapia de reposición hormonal": "terapia de reposição hormonal (03, 67)",
  "terapia fotodinámica": "terapia fotodinâmica (31, 139, 162)",
  "terapia gênica": "terapia gênica (78)",
  "terminal nervoso simpático": "terminal nervoso simpático (220)",
  "test de carga viral": "teste de carga viral (81)",
  "test exercício cardiorespiratório": "teste de exercício cardiorrespiratório (tecr) (113)",
  "topógrafo intracirúrgico": "topógrafo intracirúrgico (177)",
  "transcriptoma": "transcriptoma (173)",
  "Transretina": "transtirretina (117)",
  "transtorno cognitivo": "transtorno cognitivo (97)",
  "transtorno de pánico": "transtorno do pânico (225)",
  "transtorno obsesivo compulsivo": "transtorno obsessivo compulsivo (tco) (61)",
  "tripanosomiasis americana": "tripanossomíase americana (145)",
  "tripanossomicida": "tripanossomicida (199)",
  "Trocater": "trocáter (19)",
  "tula de besouro": "tula de besouro (131, 136)",
  "tumor de erlich": "turmor de erlich (214)",
  "tumor de walker": "tumor de walker (211)",
  "Tunicato": "tunicato (107)",
  "Ubiquitina": "ubiquitina (232)",
  "vacuna autóloga": "vacina autóloga (79)",
  "vacuna cuádruple": "vacina quádrupla (251)",
  "vacuna de dna": "vacina de dna (166, 213, 246, 249)",
  "varicela zoster": "varicela zoster (231)",
  "vena puerta": "veia porta (07)",
  "videodermatoscopio": "videodermatoscópio (239)",
  "videomicroscopia": "videomicroscopia (91)",
  "virus amarílico": "vírus amarílico (241)",
  "virus cantagalo": "vírus cantagalo (250)",
  "virus respiratorio sincicial": "vírus respiratório sincicial (182, 244, 255)",
  "xenotransplante": "xenotransplante (258)"
}