{
  "abeta": "abeta (159)",
  "acetilsalicilic acid": "ácido acetilsalicílico (66)",
  "acute intermittent porphyria": "porfíria aguda intermitente (105)",
  "acute myeloid leukemia": "leucemia mielóide aguda (235)",
  "acute renal insufficiency": "insuficiência renal aguda (191)",
  "age-related macular degeneration": "degeneração  macular  relacionada  à  idade (162)",
  "alfa-tocoferal": "alfa-tocoferol (208)",
  "alzheimer’s disease": "mal de alzheimer (63, 109, 97)",
  "amarílis vírus": "vírus amarílico (241)",
  "american tegumentar leishmaniasis": "leishmaniose tegumentar americana (186)",
  "american trypanosomiasis": "tripanossomíase americana (145)",
  "amperometric immunosensor": "imunossensor amperométrico (83)",
  "amyotrophic lateral sclerosis": "esclerose lateral amiotrófica (243)",
  "anterior cingulotomy": "cingulotomia anterior (61)",
  "apicoplast": "apicoplasto (35)",
  "apoptose": "apoptose (10, 84, 157, 256)",
  "araraquara": "araraquara (179)",
  "artificial neuronal net": "rede neural artificial (234)",
  "artificial skin": "pele artificial (56)",
  "artrodistrator": "artrodistrator (28)",
  "asian pneumonia": "pneumonia asiática (183)",
  "astemizol": "astemizol (105)",
  "asthmatic allergy": "alergia asmática (245)",
  "autologue vaccine": "vacina autóloga (79)",
  "averive stimulation": "estímulo aversivo (60)",
  "avium": "avium (199)",
  "baciloscopy": "baciloscopia (116)",
  "bed louse": "piolho de cama (132)",
  "beer belly": "barriga de cerveja (36)",
  "behavioral medicine": "medicina comportamental (202)",
  "beta amiloide": "beta amilóide (97, 136, 209)",
  "beta blocker": "beta bloqueador (216)",
  "bioadhesion": "bioadesão (236)",
  "biochip": "biochip (187)",
  "biocompatible dressing": "curativo biocompatível (56)",
  "biodegradable microsphere": "microsferas biodegradáveis (140)",
  "bioengineer": "bioengenheiro (70)",
  "biofeedback": "bio feedback (202)",
  "bioinformatic": "bioinformática (120)",
  "biomarker": "biomarcador (08)",
  "biomechanic analysis": "análise biomecânica (80)",
  "biomembrane": "biomembrana (75, 94)",
  "bionic neuron": "neurônio biônico (43)",
  "bioprotese": "bioprótese (68)",
  "biosynthetic growth hormone": "hormônio de crescimento biosintético (126)",
  "blockbuster": "blockbuster (30)",
  "bone integration": "Osseointegração (236)",
  "bovine spongiform encephalopathy": "encefalopatia espongiforme bovina (57)",
  "bracken fern": "pluma grande (194, 228)",
  "brain ischemia": "isquemia cerebral (37,54)",
  "bronchiolitis": "bronquiolite (182)",
  "bronchocontriction": "broncoconstrição (24)",
  "bronchodilatation": "Broncodilatação (24)",
  "burkitt lymphoma": "linfoma de burkitt (234)",
  "camapu extract": "extrato de camapu (199)",
  "cantagalo virus": "vírus cantagalo (250)",
  "capsuled insulin": "insulina encapsulada (95)",
  "captain of all diseases": "capitã de todas as mortes (257)",
  "carambole tree": "caramboleira (69)",
  "cardiorespiratory exercise testing": "teste de exercício cardiorrespiratório (113)",
  "cariogenic bacteria": "bactéria cariogênica (23)",
  "catuama": "catuama (156, 53)",
  "cefalorraquidiano liquid": "líquido cefalorraquidiano (19)",
  "ceratoscopy": "ceratoscopia (177)",
  "chagas disease": "mal de chagas (203, 199)",
  "chronic cardiac insufficiency": "insuficiência cardíaca crônica (220)",
  "chronic fatigue syndrome": "síndrome da fadiga crônica (76)",
  "chronic myeloid leukemia": "leucemia mielóide crônica (235)",
  "cicloxigenase enzyme": "enzima cicloxigenase (59)",
  "cingulated cortex": "córtex cingulado (172)",
  "circular dichroism": "dicroísmo circular (247)",
  "clinic double-blind test": "ensaio clínico duplo-cego (216)",
  "clucoiris": "glucoíris (82)",
  "cognitive disorder": "transtorno cognitivo (97)",
  "colon cancer": "câncer de cólon  (135, 79, 93, 52)",
  "congenital rubella syndrome": "síndrome da rubéola congênita (73)",
  "consumptive coagulopathy": "coagulopatia de consumo (252)",
  "craniossinostose": "craniossinostose (155)",
  "creutzfeldt-jacob disease": "mal de creutzfeldt-jacob (57, 125)",
  "cromoblastomicose": "cromoblastomicose (76)",
  "cronotoxina": "crotoxina (27)",
  "curcumin": "curcuma (45)",
  "dental reabsorption": "reabsorção dentária (85)",
  "dermatoscopy": "dermatoscopia (239)",
  "discomfort respiratory syndrome": "síndrome  do  desconforto  respiratório  (44, 240)",
  "disseminated intravascular coagulation": "coagulação intravascular disseminada (252)",
  "distant medicine": "medicina à distância (40)",
  "dna chip": "chip de dna (48, 153,187)",
  "dna vaccine": "vacina de dna (166, 213, 246, 249)",
  "door vein": "veia porta (07)",
  "dvideow": "dvideow - digital vídeo for biomechanics (80)",
  "dynamic gene": "genes dinámicos (170)",
  "ecopolamina salt": "sal de escopolamina (123)",
  "efedra": "éfedra (101)",
  "electronic sweeping microscopy": "microscopia  eletrônica  de  varredura  (236, 229)",
  "eletronic bipserum": "bipsoro eletrônico (227)",
  "elisa in house": "elisa in house (231)",
  "embrionary progenitor cell": "célula progenitora embrionária (55, 238)",
  "endocrine system": "sistema endócrino (214)",
  "endotelina": "endotelina (218)",
  "entero-hemorragic bactéria": "bactéria entero-hemorrágica (98)",
  "enzyme angiotensina converter": "enzima  conversora  da  angiotensina  i  (eca) (180, 233)",
  "epithelial hyperplasia": "hiperplasia epitelial (108)",
  "equinacea": "equinácea (101)",
  "eritropoetine": "eritropoetina (47, 121)",
  "espectroscopy of nuclear magnetic ressonance": "espectroscopia",
  "esquistossomicida": "esquistossomicida (88)",
  "evoked potential": "potencial evocado (70)",
  "ewing’s sarcoma": "sarcoma de ewing (234)",
  "false arnica": "falsa arnica (33)",
  "false surgery": "falsa operação (61,216)",
  "fluorescense espectroscopy": "espectroscopia de fluorescência (189)",
  "fribroblast growth factor": "fator de crescimentod e fibroblastos (118)",
  "functional magnetic resonance": "ressonância magnética functional (04, 146)",
  "galantamine": "galantamina (151)",
  "gamma-aminobutyric acid": "ácido gama-aminobutírico (gaba) (39, 136)",
  "garlic extract": "extrato de alho (181)",
  "gastric cancer": "câncer gástrico (51, 195, 71)",
  "genetic adjuvant": "adjuvante genético (213)",
  "genetic advising": "aconselhamento genético (121)",
  "genetic therapy": "terapia gênica (78)",
  "glucosimeter": "glicosímetro (82)",
  "glycine max": "isoflavona aglicona (222)",
  "gomesina": "gomesina (26)",
  "granulocyte colony-stimulating factor": "fator de estimulação de colônia de granulócito (207)",
  "growth hormone": "hormônio de crescimento (126)",
  "hairy-tailed bolo mouse": "rato do rabo peludo (179)",
  "hantavirosis": "hantavirose (179)",
  "hemoderived": "hemoderivado (188)",
  "hemolytic uremic syndrome": "síndrome hemolítica urêmica (98)",
  "hemopressine": "hemopressina (205)",
  "hemopure": "hemopure (15)",
  "hemorrhagic colitis": "colites hemorrágicas (98)",
  "hemorrhagic shock": "choque hemorrágico (12, 14))",
  "heterolog peripheral graft": "enxerto periférico heterólogo (34)",
  "homocisteine": "homocisteína (124)",
  "homocistinuria": "homocistinúria (124)",
  "hormonal reposition therapy": "terapia de reposição hormonal (03, 67)",
  "hybrid scintillation chamber": "câmara de cintilação híbrida (142)",
  "hydrogel dressing": "curativo de hidrogel (18)",
  "hydroxiapatita": "hidroxiapatita (236)",
  "hyperbilirrubinemia": "hiperbilirrubinemia (223)",
  "hyperimmune serum": "soro hiperimune (253)",
  "hypernasality": "hipernasalidade (20)",
  "hypoglycemic crisis": "crise hipoglicêmica (133)",
  "imprinted gene": "genes do imprinting (141)",
  "indocyanine green mediated photothrombosis": "fototrombose mediada pela indocianina verde",
  "feline spongiform encephalopathy": "encefalopatia espongiforme felina (fse)(144)",
  "inibidor de montagem": "setting inhibitor (161)",
  "instrumentalized crutch": "muleta instrumentalizada (29)",
  "instrumentalized walking stick": "bengala instrumentalizada (29)",
  "insulin-degrading enzyme": "ensima degradadora de insulina (159)",
  "interferon gamma": "interferon gama (131)",
  "intestinal metaplasy": "metaplasia intestinal (51)",
  "intestinal microflora": "microflora intestinal (222)",
  "intrasurgery topograph": "topógrafo intracirúrgico (177)",
  "ischemic cerebrovascular accident": "acidente vascular cerebral isquêmico (37)",
  "ischemic heart disease": "doença isquêmica do coração (184)",
  "jacalina": "jacalina (148)",
  "kainic acid": "ácido caínico (09)",
  "kava kava": "kava kava (101)",
  "koch’s bacillus": "bacilo de koch (97, 257)",
  "leptine": "leptina (210)",
  "limbic system": "sistema límbico (60)",
  "liquor": "líquor (19)",
  "lopap": "lopap (252)",
  "lung cancer": "câncer de pulmão (48, 168, 52, 165)",
  "lutz’s disease": "mal de lutz (178)",
  "maculosa fever": "febre maculosa (110)",
  "mad cow disease": "mal da vaca louca (41, 125, 144)",
  "mama cancer": "câncer de mama (120, 120, 2, 147, 169, 128, 67, 143, 119, 160, 139, 3)",
  "marmoset monkey": "sagü de tufo branco (11)",
  "mass espectometry": "espectrometria de massa (233)",
  "mathematical epidemiology": "epidemiologia matemática (73)",
  "median raphe nucleus": "núcleo mediano da rafe (60)",
  "medular heart attack": "infarto medular (70)",
  "medular injury": "lesão medular (70)",
  "memantina": "memantina (136)",
  "mesial temporal lobe epilepsy": "epilepsia de lobo temporal mesial (09)",
  "metapneumovirus": "metapneumovírus (255)",
  "metilmalonic acidose": "acidose metilmalônica (206)",
  "microarray": "microarray (234, 48, 86, 171)",
  "microneedle": "microagulha (152)",
  "microtrans": "microtrans (16)",
  "mimivirus": "mimivírus (122)",
  "mitocondrial genome": "genoma mitocondrial (92)",
  "molecular biologist": "biólogo molecular (02, 157, 192)",
  "molecular capsuling": "encapsulamneto molecular (87)",
  "molecular genetics": "genética molecular (104, 129)",
  "mountain cabbage palm": "açaizeiro-do-amazonas (150)",
  "mouth cancer": "câncer de boca (164, 31,195, 139)",
  "multiple esclerosis": "esclerose múltipla (243)",
  "multipotential cell": "célula multipotencial (238)",
  "muschroom of the sun": "cogumelo do sol (193)",
  "myelin sheath": "bainha de mielina (37)",
  "myelingomeningocel": "mielomeningocele (19)",
  "naranjilla": "mamica-de-cadela (38)",
  "neromorphometry": "neuromorfometria (242)",
  "nervous bulimia": "bulimia nervosa (167)",
  "neuractive drug": "droga neurativa (91)",
  "nitric oxide": "óxido nítrico (8, 90)",
  "obsessive-compulsive disorder": "transtorno obsessivo compulsivo (tco) (61)",
  "odds-ratio": "razão de chances (130)",
  "odondogeriatry": "odontogeriatria (176)",
  "open-sky fetal surgery": "cirurgia fetal a céu aberto (19)",
  "open-sky surgery": "cirurgia a céu aberto (19)",
  "optical biopsy": "biópsia óptica (189)",
  "optical caliper": "pinça ótica (138)",
  "optical scalpel": "bisturi óptico (138)",
  "oral mucositis": "mucosite oral (137)",
  "organic graft": "enxerto orgânico (34)",
  "oxidative stress": "estresse oxidativo (195)",
  "palpebral ptosis": "ptose palpebral (27)",
  "pancreatic island": "ilhota pancreática (07)",
  "panic crisis": "crise de pânico (39)",
  "panic disorder": "transtorno do pânico (225)",
  "papiloma virus": "papiloma vírus (58)",
  "parasympathetic nervous system": "sistema nervoso parassimpático (72)",
  "paraventricular nucleus": "núcleo paraventricular (89)",
  "pariparoba extract": "extrato de pariparoba (208)",
  "pathologic gambler": "jogador patológico (134)",
  "paw of cow": "pata de vaca (190)",
  "pentavalent antimonial": "antimonial pentavalente(78)",
  "perinatal infection": "infecção perinatal (254)",
  "peripheral nervous system": "sistema nervoso periférico (220)",
  "perlecan": "perlecan (215)",
  "phacoemulsification": "falcoemulsificação (177)",
  "photodynamic therapy": "terapia fotodinâmica (31, 139, 162)",
  "physiological jaundice": "icterícia fisiológica (223)",
  "placebo effect": "efeito placebo (216)",
  "pleural cavity": "cavidade pleural (174)",
  "pleural haemorrhage": "derrame pleural (165, 174)",
  "pleurodesis": "pleurodese (165, 174)",
  "poliparasitism": "poliparasitismo (184)",
  "polycyclic aromatic hydrocarbons": "hidrocarboneto policíclico aromático (219)",
  "post-traumatic epilepsy": "epilepsia pós-traumática (123)",
  "progressive muscular dystrophy": "distrofia muscular progressiva (74, 196))",
  "progressive spinal atrophy": "atrofia espinhal progressiva tardia (243)",
  "proinsulin": "pró-insulina (54)",
  "prolactin secretion": "secreção de prolactina (103)",
  "prostate cancer": "câncer de próstata (42, 1, 48, 224, 52, 171)",
  "protein cristalography": "cristalografia de proteínas (6, 77)",
  "psidium guyanensis": "araçá-d’água (221)",
  "pyridostigmine bromide": "brometo de piridostigmina (72)",
  "quadruple vaccine": "vacina quádrupla (251)",
  "quimical carcinosese": "carcinogênese química (198)",
  "radiosurgery": "radiocirurgia (61)",
  "raging depression of leão": "depressão alastrante de leão (91, 158)",
  "raman": "raman (135)",
  "reemergent disease": "doença reemergente (197)",
  "regulator hormone": "hormônio regulador (07)",
  "repair enzyme": "enzima de reparo (226)",
  "reproductive biology": "biologia reprodutiva (141)",
  "reproductive cloning": "clonagem reprodutiva (64)",
  "retina angiography": "angiografia de retina (162)",
  "retinal binding protein": "retinal binding protein (rbp) (191)",
  "sacarura-mirá extract": "extrato de saracura-mirá (22)",
  "sage technique": "técnica de sage (173)",
  "saint charles’ hand": "mão de são carlos (29)",
  "saint john’s wort": "erva-de-são-joão (101,102)",
  "salgadão": "salgadão (12)",
  "senile systemic amyloidosis": "amiloidose sistêmica senil (117)",
  "septic shock": "choque séptico (180)",
  "serious cardiac insufficiency": "insuficiência cardíaca grave (220)",
  "serious miastenia": "miastenia grave (72)",
  "severe acute respiratory syndrome": "síndrome respiratória aguda severa (sars) (96, 115)",
  "shitake": "shitake (193)",
  "silver nitrate": "nitrato de prata (174,165)",
  "simocaina": "simocaína (25)",
  "sincicial respiratory vírus": "vírus respiratório sincicial (182, 244, 255)",
  "skin câncer": "câncer  de  pele  (239,  32,  31,  226,  139,  108, 10)",
  "skin-mucosal leishmaniasis": "leishmaniose cutâneo-mucosa (99)",
  "sleep disturbing": "distúrbio do sono (202)",
  "capsulotomy": "capsulotomia  anterior  estereotáxica  por gamma-knife (61)",
  "stomach cancer": "câncer de estômago (184, 198, 52, 51)",
  "stone breaker tea": "chá de quebra-pedra (191)",
  "sydenham chorea": "coréia de sydenham (111)",
  "sympathetic nervous terminal": "terminal nervoso simpático (220)",
  "systemic biology": "biologia sistèmica (17)",
  "systemic esclerosis": "esclerose sistêmica (37)",
  "systemic lupus erythematosus": "lúpus eritematoso sistêmico (37, 157)",
  "takimoto’s prothesis": "prótese de takimoto (75)",
  "teleconsultation": "teleconsulta (40)",
  "temporalization system": "sistema de temporização (127)",
  "therapeutic cloning": "clonagem terapêutica (62, 64, 65, 163, 200)",
  "tireoide cancer": "câncer de tireóide (204)",
  "transretine": "transtirretina (117)",
  "transcriptome": "transcriptoma (173)",
  "transgenic insulin": "insulina transgênica (95)",
  "travelers’ diarrhea": "diarréia do viajante (98)",
  "tripanossomicide": "tripanossomicida (199)",
  "trocater": "trocáter (19)",
  "tula de besouro": "tula de besouro (131, 136)",
  "tunicato": "tunicato (107)",
  "turner syndrome": "síndrome de turner (248, 154)",
  "ubiquitine": "ubiquitina (232)",
  "unstable angina": "angina instável (124)",
  "vanadyl complex": "complexo de vanádio (50)",
  "varicella zoster": "varicela-zoster (231)",
  "vasoconstriction": "ação vasoconstritora (180)",
  "velofaringea dysfunction": "disfunção velofaríngea (20)",
  "ventricular vebrillation": "fibrilação ventricular (53, 156)",
  "vernonia condensata": "alumã (21)",
  "videodermatoscopy": "videodermatoscópio (239)",
  "videomicroscopy": "videomicroscopia (91)",
  "viral load test": "teste de carga viral (81)",
  "walker tumor": "tumor de walker (211)",
  "water belly": "barriga d’água (201)",
  "west nile fever": "febre do oeste do nilo (05, 115)",
  "western brackenfern": "samamabaia das taperas (194, 228)",
  "womb cancer": "câncer de colo de útero (194)",
  "xenotransplantation": "xenotransplante (258)"
}