
<text top="670" left="176" width="137" height="14" font="21"><b>Acidentes e Violência</b></text>
<text top="687" left="176" width="289" height="16" font="14">Refere-se ao conjunto de agravos à saúde que </text>
<text top="705" left="176" width="290" height="16" font="14">pode levar a óbito ou seqüelas irreversíveis </text>
<text top="723" left="176" width="289" height="16" font="14">que inclui as causas ditas acidentais: devidas </text>
<text top="741" left="176" width="285" height="16" font="14">ao trânsito, trabalho, quedas, envenenamen-</text>
<text top="759" left="176" width="289" height="16" font="14">tos, afogamentos e outros tipos de acidentes, </text>
<text top="777" left="176" width="285" height="16" font="14">e as causas intencionais como agressões e le-</text>
<text top="795" left="176" width="132" height="16" font="14">sões autoprovocadas.</text>
<text top="813" left="176" width="285" height="16" font="14">Inclui subtemas como: abuso sexual, aciden-</text>
<text top="831" left="176" width="290" height="16" font="14">tes com animais peçonhentos, acidentes de </text>
<text top="849" left="176" width="290" height="16" font="14">trânsito, acidentes do trabalho, homicídios, </text>
<text top="867" left="176" width="289" height="16" font="14">intoxicações e envenenamentos, maus-tratos </text>
<text top="885" left="176" width="285" height="16" font="14">contra o idoso, maus tratos na infância, sui-</text>
<text top="903" left="176" width="289" height="16" font="14">cídios, violência doméstica, violência contra </text>
<text top="921" left="176" width="285" height="16" font="14">as mulheres, acidentes em ambientes domés-</text>
<text top="939" left="176" width="60" height="16" font="14">ticos, etc.</text>
<text top="958" left="176" width="266" height="14" font="21"><b>Administração e Planejamento em Saúde</b></text>
<text top="975" left="176" width="289" height="16" font="14">Refere-se à organização, elaboração de planos </text>
<text top="669" left="483" width="285" height="16" font="14">e políticas públicas e governamentais, ao con-</text>
<text top="687" left="483" width="285" height="16" font="14">junto de normas e funções regidas por princí-</text>
<text top="705" left="483" width="285" height="16" font="14">pios e práticas administrativas, gestão, plani-</text>
<text top="723" left="483" width="114" height="16" font="14">ﬁ cação e gerência.</text>
<text top="741" left="483" width="285" height="16" font="14">Inclui subtemas como: administração de ser-</text>
<text top="759" left="483" width="285" height="16" font="14">viços de saúde, administração hospitalar, ge-</text>
<text top="777" left="483" width="285" height="16" font="14">rência em saúde, planejamento em saúde, ad-</text>
<text top="795" left="483" width="290" height="16" font="14">ministração pública em saúde, modelos de </text>
<text top="813" left="483" width="290" height="16" font="14">atenção, orçamentos públicos, avaliação de </text>
<text top="831" left="483" width="285" height="16" font="14">programas e serviços, territorização, deman-</text>
<text top="849" left="483" width="193" height="16" font="14">da e utilização de serviços, etc.</text>
<text top="868" left="483" width="152" height="14" font="21"><b>Alimentação e Nutrição</b></text>
<text top="885" left="483" width="289" height="16" font="14">Refere-se a todos os tipos de substâncias que </text>
<text top="903" left="483" width="285" height="16" font="14">têm por função alimentar ou nutrir seres hu-</text>
<text top="921" left="483" width="109" height="16" font="14">manos e animais.</text>
<text top="939" left="483" width="289" height="16" font="14">Inclui subtemas como: avaliação alimentar e </text>
<text top="957" left="483" width="285" height="16" font="14">nutricional, necessidades nutricionais e ali-</text>
<text top="975" left="483" width="289" height="16" font="14">mentares, política de alimentação e nutrição, </text>
<text top="280" left="176" width="375" height="44" font="11"><b>Áreas Temáticas da </b></text>
<text top="325" left="176" width="364" height="44" font="11"><b>BVS Saúde Pública</b></text>
</page>
<page number="108" position="absolute" top="0" left="0" height="1263" width="892">
<text top="243" left="97" width="42" height="25" font="15">108</text>
<text top="308" left="121" width="289" height="16" font="14">segurança alimentar e nutricional, vigilância </text>
<text top="326" left="121" width="289" height="16" font="14">alimentar e nutricional, alimentos funcionais </text>
<text top="344" left="121" width="289" height="16" font="14">e geneticamente modiﬁ cados, epidemiologia </text>
<text top="362" left="121" width="285" height="16" font="14">dos distúrbios da nutrição, atropometria, etc.</text>
<text top="381" left="121" width="118" height="14" font="21"><b>Ambiente e Saúde</b></text>
<text top="398" left="121" width="290" height="16" font="14">Refere-se ao estudo das interações entre os </text>
<text top="416" left="121" width="290" height="16" font="14">seres vivos e o meio, dedica-se a analisar as </text>
<text top="434" left="121" width="285" height="16" font="14">formas de vida, substâncias agressivas e con-</text>
<text top="452" left="121" width="285" height="16" font="14">dições adequadas ou inadequadas, produzi-</text>
<text top="470" left="121" width="285" height="16" font="14">das pela ação humana, que podem exercer al-</text>
<text top="488" left="121" width="290" height="16" font="14">guma inﬂ uência sobre a sua saúde e sobre o </text>
<text top="506" left="121" width="116" height="16" font="14">meio em que vive.</text>
<text top="524" left="121" width="285" height="16" font="14">Inclui subtemas como: águas de abastecimen-</text>
<text top="542" left="121" width="290" height="16" font="14">to para consumo humano, águas residuais, </text>
<text top="560" left="121" width="285" height="16" font="14">resíduos sólidos, controle ambiental e polui-</text>
<text top="578" left="121" width="285" height="16" font="14">ção, desastres naturais, emergências ambien-</text>
<text top="596" left="121" width="289" height="16" font="14">tais, legislação e direito ambiental, educação </text>
<text top="614" left="121" width="290" height="16" font="14">ambiental, política, planejamento e gestão </text>
<text top="632" left="121" width="290" height="16" font="14">ambiental, qualidade ambiental (do ar, da </text>
<text top="650" left="121" width="285" height="16" font="14">água, do solo), saneamento ambiental, eco-</text>
<text top="668" left="121" width="289" height="16" font="14">logia sanitária, saúde e trabalho, economia e </text>
<text top="686" left="121" width="289" height="16" font="14">meio ambiente, desenvolvimento sustentável, </text>
<text top="704" left="121" width="285" height="16" font="14">gestão de riscos e de impactos ambientais, in-</text>
<text top="722" left="121" width="285" height="16" font="14">dicadores de contaminação, psicologia am-</text>
<text top="740" left="121" width="289" height="16" font="14">biental, efeitos sobre o consumo e exposição </text>
<text top="758" left="121" width="289" height="16" font="14">a produtos tecnológicos que tragam danos à </text>
<text top="776" left="121" width="285" height="16" font="14">saúde, agentes tóxicos, luz ﬂ uorescentes, ele-</text>
<text top="794" left="121" width="285" height="16" font="14">tricidade estática, computador, telefonia ce-</text>
<text top="812" left="121" width="290" height="16" font="14">lular, torres eletromagnéticas, efeito estufa, </text>
<text top="830" left="121" width="266" height="16" font="14">cidades saudáveis, entornos saudáveis, etc.</text>
<text top="849" left="121" width="108" height="14" font="21"><b>Atenção à Saúde</b></text>
<text top="866" left="121" width="285" height="16" font="14">Refere-se à proteção e atenção à saúde dos di-</text>
<text top="884" left="121" width="290" height="16" font="14">versos grupos etários que correspondem aos </text>
<text top="902" left="121" width="289" height="16" font="14">ciclos vitais: feto, criança, adolescente, jovem, </text>
<text top="920" left="121" width="289" height="16" font="14">mulher, homem, adulto e idoso; e aos serviços </text>
<text top="938" left="121" width="285" height="16" font="14">de saúde correspondentes às ações de atenção.</text>
<text top="956" left="121" width="285" height="16" font="14">Inclui subtemas como: atenção integral à saú-</text>
<text top="974" left="121" width="289" height="16" font="14">de, atenção primária à saúde/atenção básica à </text>
<text top="308" left="427" width="285" height="16" font="14">saúde, avaliação de programas e serviços, hu-</text>
<text top="326" left="427" width="289" height="16" font="14">manização em saúde, imunização/vacinação, </text>
<text top="344" left="427" width="285" height="16" font="14">modelos de atenção, níveis de atenção à saú-</text>
<text top="362" left="427" width="285" height="16" font="14">de, programas de assistência em saúde, quali-</text>
<text top="380" left="427" width="285" height="16" font="14">dade em saúde, saúde bucal, saúde da crian-</text>
<text top="398" left="427" width="289" height="16" font="14">ça, saúde da família, saúde da mulher, saúde </text>
<text top="416" left="427" width="289" height="16" font="14">do adolescente e do jovem, saúde do adulto, </text>
<text top="434" left="427" width="289" height="16" font="14">saúde do idoso, saúde do indígena, saúde dos </text>
<text top="452" left="427" width="289" height="16" font="14">portadores de deﬁ ciências, saúde e trabalho, </text>
<text top="470" left="427" width="290" height="16" font="14">saúde mental, saúde reprodutiva, saúde do </text>
<text top="488" left="427" width="205" height="16" font="14">homem, saúde suplementar, etc.</text>
<text top="507" left="427" width="198" height="14" font="21"><b>Ciência e Tecnologia em Saúde</b></text>
<text top="524" left="427" width="289" height="16" font="14">Refere-se a investimentos públicos em ciência </text>
<text top="542" left="427" width="289" height="16" font="14">e tecnologia; desenvolvimento institucional e </text>
<text top="560" left="427" width="290" height="16" font="14">de formação de pessoal voltados à ciência e </text>
<text top="578" left="427" width="290" height="16" font="14">tecnologia em saúde; políticas públicas e de </text>
<text top="596" left="427" width="202" height="16" font="14">gestão em Ciência e Tecnologia.</text>
<text top="614" left="427" width="285" height="16" font="14">Inclui subtemas como: desenvolvimento ins-</text>
<text top="632" left="427" width="285" height="16" font="14">titucional, ﬁ nanciamento em Ciência e Tec-</text>
<text top="650" left="427" width="289" height="16" font="14">nologia, formação de recursos humanos para </text>
<text top="668" left="427" width="290" height="16" font="14">Ciência e Tecnologia em saúde, políticas de </text>
<text top="686" left="427" width="285" height="16" font="14">Ciência e Tecnologia/prioridades em pes-</text>
<text top="704" left="427" width="285" height="16" font="14">quisa, gestão em pesquisa em saúde, comu-</text>
<text top="722" left="427" width="285" height="16" font="14">nicação cientíﬁ ca, divulgação, revistas espe-</text>
<text top="740" left="427" width="289" height="16" font="14">cializadas, incorporação de conhecimentos e </text>
<text top="758" left="427" width="101" height="16" font="14">tecnologias, etc.</text>
<text top="777" left="427" width="168" height="14" font="21"><b>Ciências Sociais em Saúde</b></text>
<text top="794" left="427" width="289" height="16" font="14">Refere-se aos estudos que se utilizam ou são </text>
<text top="812" left="427" width="289" height="16" font="14">elaborados pelas ciências sociais aplicados ao </text>
<text top="830" left="427" width="285" height="16" font="14">campo da Saúde Pública. Abrange: dinâmi-</text>
<text top="848" left="427" width="285" height="16" font="14">cas e movimentos socioculturais, relações in-</text>
<text top="866" left="427" width="289" height="16" font="14">terpessoais e de grupos; diversidades étnicas, </text>
<text top="884" left="427" width="285" height="16" font="14">questões de gênero; modos de vida relaciona-</text>
<text top="902" left="427" width="285" height="16" font="14">dos à proteção ou agressão à saúde, sofrimen-</text>
<text top="920" left="427" width="195" height="16" font="14">tos psíquicos e doenças sociais.</text>
<text top="938" left="427" width="285" height="16" font="14">Inclui subtemas como: saúde/doença e cultu-</text>
<text top="956" left="427" width="285" height="16" font="14">ra, reivindicações sociais pela atenção à saú-</text>
<text top="974" left="427" width="289" height="16" font="14">de, dimensões éticas e políticas da atenção à </text>
</page>
<page number="109" position="absolute" top="0" left="0" height="1263" width="892">
<text top="243" left="750" width="42" height="25" font="15">109</text>
<text top="308" left="176" width="290" height="16" font="14">saúde, interesses internacionais e proteção à </text>
<text top="326" left="176" width="285" height="16" font="14">saúde nacional e regional, assistência à saú-</text>
<text top="344" left="176" width="289" height="16" font="14">de como direito social, dimensões simbólicas </text>
<text top="362" left="176" width="285" height="16" font="14">e psicológicas e saúde, saúde mental, cidada-</text>
<text top="380" left="176" width="285" height="16" font="14">nia, sociologia da saúde, antropologia da saú-</text>
<text top="398" left="176" width="235" height="16" font="14">de, antropologia médica, gênero, etc.</text>
<text top="417" left="176" width="155" height="14" font="21"><b>Comunicação em Saúde</b></text>
<text top="434" left="176" width="285" height="16" font="14">Refere-se ao conjunto dos meios de comu-</text>
<text top="452" left="176" width="290" height="16" font="14">nicação de massa voltados a divulgação de </text>
<text top="470" left="176" width="285" height="16" font="14">produtos, serviços, ações preventivas e iden-</text>
<text top="488" left="176" width="290" height="16" font="14">tiﬁ cação de riscos relacionados à saúde ou </text>
<text top="506" left="176" width="285" height="16" font="14">morbidades de interesse individual ou coletivo.</text>
<text top="524" left="176" width="290" height="16" font="14">Inclui subtemas como: mídia (jornal, rádio, </text>
<text top="542" left="176" width="289" height="16" font="14">televisão, conteúdos e imagens digitais, etc), </text>
<text top="560" left="176" width="285" height="16" font="14">redes de informação especializadas, comuni-</text>
<text top="578" left="176" width="290" height="16" font="14">cação social, revistas, campanhas sanitárias, </text>
<text top="596" left="176" width="285" height="16" font="14">divulgação de descobertas cientíﬁ cas e tecno-</text>
<text top="614" left="176" width="73" height="16" font="14">lógicas, etc.</text>
<text top="633" left="176" width="77" height="14" font="21"><b>Demograﬁ a</b></text>
<text top="650" left="176" width="285" height="16" font="14">Refere-se aos estudos das populações huma-</text>
<text top="668" left="176" width="285" height="16" font="14">nas, com o objetivo de caracterizá-las e anali-</text>
<text top="686" left="176" width="184" height="16" font="14">sar tendências populacionais.</text>
<text top="704" left="176" width="285" height="16" font="14">Inclui subtemas como: fertilidade e fecun-</text>
<text top="722" left="176" width="289" height="16" font="14">didade, tipos de doenças e óbitos em grupos </text>
<text top="740" left="176" width="289" height="16" font="14">populacionais, traçados culturais, questões de </text>
<text top="758" left="176" width="285" height="16" font="14">gênero e políticas em saúde reprodutiva, ﬂ u-</text>
<text top="776" left="176" width="285" height="16" font="14">xos migratórios, dinâmica populacional, ta-</text>
<text top="794" left="176" width="275" height="16" font="14">manho da população, estatísticas vitais, etc.</text>
<text top="813" left="176" width="106" height="14" font="21"><b>Direito Sanitário</b></text>
<text top="830" left="176" width="285" height="16" font="14">Refere-se ao conjunto de leis e normas, na-</text>
<text top="848" left="176" width="289" height="16" font="14">cional e internacional, que compõe o sistema </text>
<text top="866" left="176" width="289" height="16" font="14">jurídico no que se refere à saúde dos cidadãos </text>
<text top="884" left="176" width="285" height="16" font="14">e da coletividade. Abrange organização da ad-</text>
<text top="902" left="176" width="289" height="16" font="14">ministração sanitária, responsabilidade ética, </text>
<text top="920" left="176" width="289" height="16" font="14">administrativa, civil e penal dos proﬁ ssionais </text>
<text top="938" left="176" width="285" height="16" font="14">e dos serviços de saúde e a aplicação dos ins-</text>
<text top="956" left="176" width="290" height="16" font="14">trumentos legais para a tutela e garantia do </text>
<text top="974" left="176" width="96" height="16" font="14">direito à saúde.</text>
<text top="308" left="483" width="285" height="16" font="14">Inclui subtemas como: direito à saúde pú-</text>
<text top="326" left="483" width="285" height="16" font="14">blica, direito sanitário, advocacia em saú-</text>
<text top="344" left="483" width="285" height="16" font="14">de, bioética, saúde coletiva, direitos huma-</text>
<text top="362" left="483" width="289" height="16" font="14">nos, poder de polícia sanitária, legislação em </text>
<text top="380" left="483" width="285" height="16" font="14">saúde, risco à saúde, crime hediondo, cri-</text>
<text top="398" left="483" width="285" height="16" font="14">me contra a saúde pública, infrações sani-</text>
<text top="416" left="483" width="285" height="16" font="14">tárias, segurança sanitária internacional, di-</text>
<text top="434" left="483" width="290" height="16" font="14">reito sanitário ambiental, responsabilidade </text>
<text top="452" left="483" width="290" height="16" font="14">ética, civil e criminal, direitos do portador </text>
<text top="470" left="483" width="285" height="16" font="14">de doença mental, direito sanitário do tra-</text>
<text top="488" left="483" width="285" height="16" font="14">balho, direito sanitário, direito do consumi-</text>
<text top="506" left="483" width="53" height="16" font="14">dor, etc.</text>
<text top="525" left="483" width="227" height="14" font="21"><b>Doenças Crônicas e Degenerativas</b></text>
<text top="542" left="483" width="285" height="16" font="14">Refere-se ao conjunto de doenças relaciona-</text>
<text top="560" left="483" width="290" height="16" font="14">das a múltiplos fatores de risco ambientais </text>
<text top="578" left="483" width="285" height="16" font="14">(hábitos de vida, ambiente ocupacional, am-</text>
<text top="596" left="483" width="285" height="16" font="14">bientes em geral), fatores genéticos e enve-</text>
<text top="614" left="483" width="165" height="16" font="14">lhecimento populacional.</text>
<text top="632" left="483" width="291" height="16" font="14">Inclui subtemas como: doença pulmonar </text>
<text top="650" left="483" width="289" height="16" font="14">obstrutiva crônica, câncer, diabetes, doenças </text>
<text top="668" left="483" width="285" height="16" font="14">cardiovasculares, doenças reumáticas, ane-</text>
<text top="686" left="483" width="277" height="16" font="14">mia, obesidade, carências nutricionais, etc.</text>
<text top="705" left="483" width="223" height="14" font="21"><b>Doenças Infecciosas e Parasitárias</b></text>
<text top="722" left="483" width="285" height="16" font="14">Refere-se ao conjunto de infecções que po-</text>
<text top="740" left="483" width="291" height="16" font="14">dem ser adquiridas por contato direto de </text>
<text top="758" left="483" width="285" height="16" font="14">pessoa a pessoa, indireto e por contamina-</text>
<text top="776" left="483" width="285" height="16" font="14">ção biológica, alimentar e ambiental, e tam-</text>
<text top="794" left="483" width="178" height="16" font="14">bém por vetores biológicos.</text>
<text top="812" left="483" width="289" height="16" font="14">Inclui subtemas como: aids, cólera, dengue, </text>
<text top="830" left="483" width="289" height="16" font="14">diarréia, doenças sexualmente transmissíveis, </text>
<text top="848" left="483" width="285" height="16" font="14">febre amarela, outras arboviroses, hansenía-</text>
<text top="866" left="483" width="285" height="16" font="14">se, hepatite, infecções hospitalares, menin-</text>
<text top="884" left="483" width="290" height="16" font="14">gite, raiva, sarampo, tuberculose, malária, </text>
<text top="902" left="483" width="285" height="16" font="14">zoonoses, esquistossomose, doenças transmi-</text>
<text top="920" left="483" width="285" height="16" font="14">tidas por alimentos, doença de chagas, leish-</text>
<text top="938" left="483" width="289" height="16" font="14">manioses, ﬁ lariose, outras doenças veiculadas </text>
<text top="956" left="483" width="289" height="16" font="14">por vetores, ascaridiose, outras helmintíases, </text>
<text top="974" left="483" width="258" height="16" font="14">doen ças emergentes e reermegentes, etc.</text>
</page>
<page number="110" position="absolute" top="0" left="0" height="1263" width="892">
<text top="243" left="97" width="42" height="25" font="15">110</text>
<text top="309" left="121" width="225" height="14" font="21"><b>Drogas de Uso Terapêutico e Social</b></text>
<text top="326" left="121" width="289" height="16" font="14">Refere-se aos efeitos causados pelo consumo </text>
<text top="344" left="121" width="285" height="16" font="14">de substâncias químicas e seus desdobramen-</text>
<text top="362" left="121" width="285" height="16" font="14">tos sobre as atividades físicas, psíquicas ou so-</text>
<text top="380" left="121" width="200" height="16" font="14">bre o comportamento humano.</text>
<text top="398" left="121" width="289" height="16" font="14">Inclui subtemas como: usos e dependências, </text>
<text top="416" left="121" width="290" height="16" font="14">farmacodependência, políticas e programas </text>
<text top="434" left="121" width="289" height="16" font="14">de prevenção e controle, legislação nacional e </text>
<text top="452" left="121" width="285" height="16" font="14">internacional de interesse sanitário, responsa-</text>
<text top="470" left="121" width="285" height="16" font="14">bilidade criminal, alcoolismo, tabagismo, de-</text>
<text top="488" left="121" width="285" height="16" font="14">sintoxicação de ingestão de substâncias quí-</text>
<text top="506" left="121" width="66" height="16" font="14">micas, etc.</text>
<text top="525" left="121" width="127" height="14" font="21"><b>Economia da Saúde</b></text>
<text top="542" left="121" width="285" height="16" font="14">Refere-se aos estudos sobre gasto e ﬁ nancia-</text>
<text top="560" left="121" width="285" height="16" font="14">mento em saúde, alocação e utilização de re-</text>
<text top="578" left="121" width="290" height="16" font="14">cursos no setor Saúde, avaliação econômica </text>
<text top="596" left="121" width="290" height="16" font="14">(análise custo-efetividade e custo-benefício </text>
<text top="614" left="121" width="289" height="16" font="14">de programas, procedimentos, intervenções e </text>
<text top="632" left="121" width="285" height="16" font="14">políticas públicas), eﬁ ciência e custos na pres-</text>
<text top="650" left="121" width="285" height="16" font="14">tação de serviços, análise da demanda e utili-</text>
<text top="668" left="121" width="285" height="16" font="14">zação de serviços, processos de reforma seto-</text>
<text top="686" left="121" width="290" height="16" font="14">rial, organização dos serviços e modalidades </text>
<text top="704" left="121" width="290" height="16" font="14">de pagamento, análise do funcionamento e </text>
<text top="722" left="121" width="240" height="16" font="14">das falhas de mercado no setor Saúde.</text>
<text top="740" left="121" width="290" height="16" font="14">Inclui subtemas como: avaliação econômica </text>
<text top="758" left="121" width="289" height="16" font="14">(análise custo-benefício e custo-efetividade), </text>
<text top="776" left="121" width="285" height="16" font="14">demanda e utilização de serviços, gasto e ﬁ -</text>
<text top="794" left="121" width="290" height="16" font="14">nanciamento, organização e funcionamento </text>
<text top="812" left="121" width="285" height="16" font="14">do setor, relação público-privado e regula-</text>
<text top="830" left="121" width="285" height="16" font="14">mentação do setor, orçamentos públicos, alo-</text>
<text top="848" left="121" width="251" height="16" font="14">cação e utilização de recursos, SUS, etc.</text>
<text top="867" left="121" width="94" height="14" font="21"><b>Epidemiologia</b></text>
<text top="884" left="121" width="285" height="16" font="14">Refere-se aos estudos retrospectivos e pros-</text>
<text top="902" left="121" width="285" height="16" font="14">pectivos da distribuição e dos determinan-</text>
<text top="920" left="121" width="290" height="16" font="14">tes da prevalência das doenças em pessoas e </text>
<text top="938" left="121" width="289" height="16" font="14">animais, envolvendo o estudo dos fatores que </text>
<text top="956" left="121" width="285" height="16" font="14">propiciam a ocorrência das doenças, inquéri-</text>
<text top="974" left="121" width="214" height="16" font="14">tos e investigação epidemiológica.</text>
<text top="308" left="427" width="290" height="16" font="14">Inclui subtemas como: análise da situação </text>
<text top="326" left="427" width="285" height="16" font="14">de saúde, estrutura epidemiológica de gru-</text>
<text top="344" left="427" width="291" height="16" font="14">pos populacionais, bioestatística, métodos </text>
<text top="362" left="427" width="289" height="16" font="14">epidemiológicos, sistemas de informação em </text>
<text top="380" left="427" width="285" height="16" font="14">saúde, iIndicadores de saúde, estudos popu-</text>
<text top="398" left="427" width="290" height="16" font="14">lacionais, estatística vital, epistemologia em </text>
<text top="416" left="427" width="290" height="16" font="14">epidemiologia, determinantes da saúde e da </text>
<text top="434" left="427" width="75" height="16" font="14">doença, etc.</text>
<text top="453" left="427" width="181" height="14" font="21"><b>Eqüidade em Saúde e Social</b></text>
<text top="470" left="427" width="285" height="16" font="14">Refere-se à igualdade de recursos para neces-</text>
<text top="488" left="427" width="290" height="16" font="14">sidades iguais, de oportunidades de acesso </text>
<text top="506" left="427" width="285" height="16" font="14">para iguais necessidades, utilização dos mes-</text>
<text top="524" left="427" width="289" height="16" font="14">mos recursos políticos, materais, de pessoal e </text>
<text top="542" left="427" width="289" height="16" font="14">econômico, para neceesidades iguais, ética na </text>
<text top="560" left="427" width="289" height="16" font="14">aplicação de tecnologia e recursos ﬁ nanceiros </text>
<text top="578" left="427" width="128" height="16" font="14">às demandas sociais.</text>
<text top="596" left="427" width="285" height="16" font="14">Inclui subtemas como: eqüidade e iniquida-</text>
<text top="614" left="427" width="289" height="16" font="14">de à saúde, iniqüidade social, desigualdade de </text>
<text top="632" left="427" width="289" height="16" font="14">renda, distribuição de riqueza, desigualdade e </text>
<text top="650" left="427" width="285" height="16" font="14">questões de gênero, desigualdade raciais e ét-</text>
<text top="668" left="427" width="289" height="16" font="14">nicas, desigualdade por grupo etário, coesão </text>
<text top="686" left="427" width="285" height="16" font="14">social nas relações humanas, população peri-</text>
<text top="704" left="427" width="289" height="16" font="14">férica, condições de vida, direitos Humanos, </text>
<text top="722" left="427" width="291" height="16" font="14">justiça social, preconceito, desvios sociais, </text>
<text top="740" left="427" width="285" height="16" font="14">marginalidade, semelhanças e diferenças ét-</text>
<text top="758" left="427" width="290" height="16" font="14">nicas e culturais, laços sociais, intolerância </text>
<text top="776" left="427" width="285" height="16" font="14">social, direitos de grupos minoritários às po-</text>
<text top="794" left="427" width="290" height="16" font="14">líticas de saúde, exclusão e inclusão social, </text>
<text top="812" left="427" width="156" height="16" font="14">acesso à informação, etc.</text>
<text top="831" left="427" width="97" height="14" font="21"><b>Ética e Bioética</b></text>
<text top="848" left="427" width="290" height="16" font="14">Refere-se ao conjunto de regras de conduta </text>
<text top="866" left="427" width="285" height="16" font="14">moral, deontológica e social que regulamen-</text>
<text top="884" left="427" width="290" height="16" font="14">tam as relações mútuas entre os indivíduos </text>
<text top="902" left="427" width="290" height="16" font="14">ou entre estes e a comunidade e o meio. A </text>
<text top="920" left="427" width="289" height="16" font="14">bioética volta-se ao estudo dos valores morais </text>
<text top="938" left="427" width="289" height="16" font="14">das ciências da vida e dos cuidados da saúde, </text>
<text top="956" left="427" width="241" height="16" font="14">de abrangência individual ou coletiva.</text>
<text top="974" left="427" width="289" height="16" font="14">Inclui subtemas como: ética em pesquisas em </text>
</page>
<page number="111" position="absolute" top="0" left="0" height="1263" width="892">
<text top="243" left="750" width="42" height="25" font="15">111</text>
<text top="308" left="176" width="289" height="16" font="14">saúde, ética nos serviços de saúde, bioética e </text>
<text top="326" left="176" width="289" height="16" font="14">alocação de recursos de saúde, bioética e ações </text>
<text top="344" left="176" width="285" height="16" font="14">coletivas de saúde, transplantes e comerciali-</text>
<text top="362" left="176" width="290" height="16" font="14">zação de órgãos, morte assistida, fertilização </text>
<text top="380" left="176" width="240" height="16" font="14">artiﬁ cial, clone humano, genoma, etc.</text>
<text top="399" left="176" width="164" height="14" font="21"><b>História da Saúde Pública</b></text>
<text top="416" left="176" width="289" height="16" font="14">Refere-se às investigações voltadas a história </text>
<text top="434" left="176" width="285" height="16" font="14">das políticas, instituições e proﬁ ssões de saú-</text>
<text top="452" left="176" width="289" height="16" font="14">de pública, história das ciências biomédicas e </text>
<text top="470" left="176" width="285" height="16" font="14">das doenças, modos de vida e práticas curati-</text>
<text top="488" left="176" width="193" height="16" font="14">vas populares; saúde e cidades.</text>
<text top="506" left="176" width="290" height="16" font="14">Inclui subtemas como: história/processos e </text>
<text top="524" left="176" width="289" height="16" font="14">eventos relativos à saúde pública, história das </text>
<text top="542" left="176" width="290" height="16" font="14">ciências biomédicas, história da medicina e </text>
<text top="560" left="176" width="285" height="16" font="14">das doenças, guias de acervos, catálogos, in-</text>
<text top="578" left="176" width="285" height="16" font="14">ventários bibliográﬁ cos e similares; historio-</text>
<text top="596" left="176" width="290" height="16" font="14">graﬁ a e metodologia, história das políticas, </text>
<text top="614" left="176" width="290" height="16" font="14">instituições e proﬁ ssões em saúde, história </text>
<text top="632" left="176" width="275" height="16" font="14">das mentalidades sobre saúde e doença, etc.</text>
<text top="651" left="176" width="220" height="14" font="21"><b>Medicamentos, Vacinas e Insumos</b></text>
<text top="668" left="176" width="289" height="16" font="14">Refere-se à produção cientíﬁ ca e tecnológica </text>
<text top="686" left="176" width="290" height="16" font="14">referentes à biotecnologia e farmacologia de </text>
<text top="704" left="176" width="290" height="16" font="14">produtos de origem sintética e natural para </text>
<text top="722" left="176" width="150" height="16" font="14">consumo da população.</text>
<text top="740" left="176" width="290" height="16" font="14">Inclui subtemas como: sangue e derivados, </text>
<text top="758" left="176" width="289" height="16" font="14">pesquisas e produção em laboratórios de saúde </text>
<text top="776" left="176" width="289" height="16" font="14">pública, vacinas e reagentes para diagnóstico </text>
<text top="794" left="176" width="285" height="16" font="14">laboratorial, farmácia, qualidade dos medica-</text>
<text top="812" left="176" width="289" height="16" font="14">mentos, patentes, campanhas de imunização, </text>
<text top="830" left="176" width="285" height="16" font="14">medicamentos essenciais e genéricos, contro-</text>
<text top="848" left="176" width="290" height="16" font="14">le de medicamentos e entorpecentes, uso de </text>
<text top="866" left="176" width="290" height="16" font="14">medicamentos, legislação de medicamentos, </text>
<text top="884" left="176" width="285" height="16" font="14">comercialização de medicamentos, armazena-</text>
<text top="902" left="176" width="285" height="16" font="14">gem de medicamentos, avaliação de medica-</text>
<text top="920" left="176" width="245" height="16" font="14">mentos, política de medicamentos, etc.</text>
<text top="939" left="176" width="165" height="14" font="21"><b>Políticas Públicas e Saúde</b></text>
<text top="956" left="176" width="285" height="16" font="14">Refere-se à arena de interesses políticos, so-</text>
<text top="974" left="176" width="285" height="16" font="14">ciais e econômicos relativos ao domínio pú-</text>
<text top="308" left="483" width="230" height="16" font="14">blico relacionados ao setor da saúde.</text>
<text top="326" left="483" width="285" height="16" font="14">Inclui subtemas como: cidadania, ação polí-</text>
<text top="344" left="483" width="289" height="16" font="14">tica de domínio e interesse público, avaliação </text>
<text top="362" left="483" width="290" height="16" font="14">e desempenho das políticas públicas, gestão </text>
<text top="380" left="483" width="290" height="16" font="14">pública, advocacia em saúde da população, </text>
<text top="398" left="483" width="290" height="16" font="14">emponderamento, reforma do setor Saúde, </text>
<text top="416" left="483" width="291" height="16" font="14">participação popular, conselhos de saúde, </text>
<text top="434" left="483" width="285" height="16" font="14">controle social, movimentos sociais em saú-</text>
<text top="452" left="483" width="290" height="16" font="14">de, ONGs e saúde, movimentos populares </text>
<text top="470" left="483" width="92" height="16" font="14">por saúde, etc.</text>
<text top="489" left="483" width="209" height="14" font="21"><b>Promoção e Educação em Saúde</b></text>
<text top="506" left="483" width="289" height="16" font="14">Refere-se às diferentes formas de organização </text>
<text top="524" left="483" width="285" height="16" font="14">da sociedade no enfrentamento de seus pro-</text>
<text top="542" left="483" width="290" height="16" font="14">blemas de ausência de atenção à saúde e ao </text>
<text top="560" left="483" width="290" height="16" font="14">meio ambiente pelos poderes públicos, aos </text>
<text top="578" left="483" width="285" height="16" font="14">direitos do consumidor e informação em saú-</text>
<text top="596" left="483" width="285" height="16" font="14">de, controle público sobre a utilização de re-</text>
<text top="614" left="483" width="290" height="16" font="14">cursos públicos do setor Saúde, cidadania e </text>
<text top="632" left="483" width="169" height="16" font="14">saúde, educação em saúde.</text>
<text top="650" left="483" width="289" height="16" font="14">Inclui subtemas como: participação popular, </text>
<text top="668" left="483" width="290" height="16" font="14">cidadania, educação política, metodologias </text>
<text top="686" left="483" width="289" height="16" font="14">da educação em saúde. movimento popular, </text>
<text top="704" left="483" width="290" height="16" font="14">comunicação social na saúde, advocacia em </text>
<text top="722" left="483" width="285" height="16" font="14">saúde, atividade física, empoderamento, esco-</text>
<text top="740" left="483" width="285" height="16" font="14">las promotoras de saúde, estilo de vida, mu-</text>
<text top="758" left="483" width="285" height="16" font="14">nicípios saudáveis/entornos saudáveis, parti-</text>
<text top="776" left="483" width="289" height="16" font="14">cipação social, reorganização dos serviços de </text>
<text top="794" left="483" width="207" height="16" font="14">saúde, campanhas sanitárias, etc.</text>
<text top="813" left="483" width="241" height="14" font="21"><b>Recursos Humanos em Saúde Pública</b></text>
<text top="830" left="483" width="289" height="16" font="14">Refere-se à formação e capacitação de pessoal </text>
<text top="848" left="483" width="285" height="16" font="14">técnico especializado, necessário ao funciona-</text>
<text top="866" left="483" width="285" height="16" font="14">mento do sistema público de saúde local, es-</text>
<text top="884" left="483" width="289" height="16" font="14">tadual e nacional para as atividades de ação, </text>
<text top="902" left="483" width="285" height="16" font="14">regulação, controle e ﬁ scalização, administra-</text>
<text top="920" left="483" width="289" height="16" font="14">ção, gerenciamento e gestão, pesquisa, ensino </text>
<text top="938" left="483" width="160" height="16" font="14">e treinamento de pessoal.</text>
<text top="956" left="483" width="285" height="16" font="14">Inclui subtemas como: carreira de proﬁ ssio-</text>
<text top="974" left="483" width="290" height="16" font="14">nais em saúde, desenvolvimento de recursos </text>
</page>
<page number="112" position="absolute" top="0" left="0" height="1263" width="892">
<text top="243" left="97" width="42" height="25" font="15">112</text>
<text top="308" left="121" width="291" height="16" font="14">humanos em saúde, educação à distância, </text>
<text top="326" left="121" width="289" height="16" font="14">educação permanente, formação e capacitação </text>
<text top="344" left="121" width="279" height="16" font="14">em saúde, política de recursos humanos, etc.</text>
<text top="363" left="121" width="90" height="14" font="21"><b>Saúde Animal</b></text>
<text top="380" left="121" width="289" height="16" font="14">Refere-se aos cuidados e atenção à saúde dos </text>
<text top="398" left="121" width="285" height="16" font="14">animais, particularmente os de convívio hu-</text>
<text top="416" left="121" width="285" height="16" font="14">mano ou como fonte alimentar para o consu-</text>
<text top="434" left="121" width="82" height="16" font="14">mo humano.</text>
<text top="452" left="121" width="290" height="16" font="14">Inclui subtemas como: vacinação e controle </text>
<text top="470" left="121" width="285" height="16" font="14">de animais de convívio com humanos, ali-</text>
<text top="488" left="121" width="285" height="16" font="14">mentação e nutrição animal, doenças ocu-</text>
<text top="506" left="121" width="289" height="16" font="14">pacionais derivadas de contato com animais, </text>
<text top="524" left="121" width="290" height="16" font="14">vigilância de portos, aeroportos e zonas de </text>
<text top="542" left="121" width="290" height="16" font="14">fronteira na comercialização e circulação de </text>
<text top="560" left="121" width="285" height="16" font="14">animais, zoonoses e impactos à saúde huma-</text>
<text top="578" left="121" width="236" height="16" font="14">na derivados da cadeia alimentar, etc.</text>
<text top="597" left="121" width="130" height="14" font="21"><b>Vigilância em Saúde</b></text>
<text top="614" left="121" width="289" height="16" font="14">Refere-se à proteção e à promoção da saúde da </text>
<text top="632" left="121" width="289" height="16" font="14">população por meio da segurança sanitária de </text>
<text top="650" left="121" width="288" height="16" font="14">produtos, comercialização e serviços ofertados. </text>
<text top="668" left="121" width="290" height="16" font="14">Abrange: ambientes, processos de produção </text>
<text top="686" left="121" width="290" height="16" font="14">de insumos e tecnologias a ela relacionadas, </text>
<text top="704" left="121" width="285" height="16" font="14">vigilância de alimentos, cosméticos, deriva-</text>
<text top="722" left="121" width="285" height="16" font="14">dos de tabaco, farmacovigilância, monitora-</text>
<text top="740" left="121" width="289" height="16" font="14">mento de mercado, portos, aeroportos, zonas </text>
<text top="758" left="121" width="289" height="16" font="14">de fronteiras, produtos para saúde, saneantes, </text>
<text top="776" left="121" width="285" height="16" font="14">sangue e derivados, serviços de saúde, tecno-</text>
<text top="794" left="121" width="285" height="16" font="14">vigilância, toxicologia, campanhas sanitárias.</text>
<text top="812" left="121" width="285" height="16" font="14">Inclui subtemas como: vigilância epidemio-</text>
<text top="830" left="121" width="289" height="16" font="14">lógica, doenças de notiﬁ cação compulsória, </text>
<text top="848" left="121" width="285" height="16" font="14">infecção hospitalar, vigilância alimentar e nu-</text>
<text top="866" left="121" width="285" height="16" font="14">tricional, vigilância sanitária, vigilância de san-</text>
<text top="884" left="121" width="289" height="16" font="14">gue e hemoderivados, vigilância de alimentos, </text>
<text top="902" left="121" width="285" height="16" font="14">vigilância de medicamentos, controle e quali-</text>
<text top="920" left="121" width="285" height="16" font="14">dade de vacinas, vigilância de serviços de saú-</text>
<text top="938" left="121" width="289" height="16" font="14">de, vigilância de saneantes e domissanitários, </text>
<text top="956" left="121" width="285" height="16" font="14">vigilância de correlatos, vigilância de cosmé-</text>
<text top="974" left="121" width="285" height="16" font="14">ticos, vigilância de saúde do trabalhador, etc.</text>
</page>
<page number="113" position="absolute" top="0" left="0" height="1263" width="892">
<image top="182" left="40" width="810" height="140" src="glossario_ministerio_saude-113_1.jpg"/>
<image top="321" left="40" width="137" height="54" src="glossario_ministerio_saude-113_2.jpg"/>
<image top="321" left="629" width="221" height="54" src="glossario_ministerio_saude-113_3.jpg"/>
<image top="242" left="751" width="45" height="26" src="glossario_ministerio_saude-113_4.png"/>
<image top="235" left="742" width="11" height="37" src="glossario_ministerio_saude-113_5.png"/>
<image top="374" left="174" width="458" height="3" src="glossario_ministerio_saude-113_6.png"/>
<image top="276" left="174" width="458" height="98" src="glossario_ministerio_saude-113_7.jpg"/>
<text top="243" left="750" width="42" height="25" font="12">113</text>


@