{
    "AB": " Atenção Básica",
    "ABEn": " Associação Brasileira de Enfermagem",
    "ADT ": " Assistência Domiciliar Terapêutica",
    "AFE ": " Autorização de Funcionamento de Empresa",
    "AIDPI": " Atenção Integrada às Doenças Prevalentes na Infância",
    "AIDS": " Síndrome da Imunodeﬁ ciência Adquirida",
    "AIH": " Autorização de Internação Hospitalar",
    "AIS": " Ações Integradas de Saúde",
    "ANCED": " Associação Nacional de Centros de Defesa",
    "ANS": " Agência Nacional de Saúde",
    "ANVISA": " Agência Nacional de Vigilância Sanitária",
    "APAC": " Autorização de Procedimentos de Alto Custo",
    "APH": " Assistência Pré-Hospitalar",
    "ASAJ": " Área de Saúde do Adolescente e do Jovem",
    "BD-SIA/SUS": " Banco de Dados Nacional do Sistema de Informações Ambulatoriais do SUS",
    "BLH": " Banco de Leite Humano ",
    "BPF": " Boas Práticas de Fabricação",
    "BPPH": " Banco de Preços Praticados na Área Hospitalar",
    "BPS": " Banco de Preços em Saúde",
    "BVS": " Biblioteca Virtual em Saúde",
    "CAF": " Cirurgia de alta Freqüência",
    "CAPS": " Centro de Assistência Psicossocial",
    "CAT": " Comunicação de Acidente de Trabalho",
    "CBO": " Conselho Brasileiro de Oftalmologia",
    "CCIH": " Comissão de Controle de Infecção Hospitalar",
    "CCPDM": " Controle de Cadeia Produtiva e de Distribuição de Medicamentos",
    "CCPDS": " Controle de Cadeia Produtiva e de Distribuição de Substâncias",
    "CDMS": " Comitê de Desburocratização do Ministério da Saúde",
    "CENADI": " Centro Nacional de Armazenagem e Distribuição de Imunobiológicos",
    "CENEPI": " Centro Nacional de Epidemiologia",
    "CES": " Conselho Estadual de Saúde",
    "CFT": " Comissão de Farmácia e Terapêutica",
    "CIB": " Comissão Intergestores Bipartite",
    "CID": " Classiﬁ cação Internacional de Doenças",
    "CIRH": " Comissão Intersetorial de Recursos Humanos",
    "CIST": " Comissão Intersetorial de Saúde do Trabalhador",
    "CIT": " Comissão Intergestores Tripartite",
    "CMC": " Sistema Central de Marcação de Consultas",
    "CMDCA": " Conselho Municipal de Direitos da Criança e do Adolescente",
    "CMS": " Conselho Municipal de Saúde",
    "CN-DST/AIDS": " Coordenação Nacional de Doenças Sexualmente Transmissíveis e Aids",
    "CNAIDS": " Comissão Nacional de Aids",
    "CNCDO": " Centrais de Notiﬁ cação, Captação e Distribuição de Órgãos",
    "CNEN": " Comissão Nacional de Energia Nuclear",
    "CNES": " Cadastro Nacional dos Estabelecimentos de Saúde",
    "CNMM": " Centro Nacional de Monitoramento de Medicamentos",
    "CNRAC": " Central Nacional de Regulação de Alta Complexidade",
    "CNS": " Conselho Nacional de Saúde",
    "CNSP": " Conselho Nacional de Seguros Privados",
    "CNTS": " Confederação Nacional dos Trabalhadores em Saúde",
    "COC": " Casa de Oswaldo cruz",
    "COFINS": " Contribuição Social para o Financiamento da Seguridade Social",
    "COMAD": " Conselhos Municipais Antidrogas",
    "CONASEMS": " Conselho Nacional de Secretários Municipais de Saúde",
    "CONASS": " Conselho Nacional de Secretários Estaduais de Saúde",
    "CONEN": " Conselhos Estaduais de Entorpecentes",
    "CONEP": " Comissão Nacional de Ética em Pesquisa",
    "CONFEN": " Conselho Federal de Entorpecentes",
    "CONSU": " Conselho de Saúde Suplementar",
    "CPMF": " Contribuição Provisória sobre Movimentação Financeira",
    "CpqAM": " Centro de Pesquisa Aggeu Magalhães",
    "CPqGM": " Centro de Pesquisa Gonçalo Moniz",
    "CPqHEC": " Centro de Pesquisa Hospital Evandro Chagas",
    "CPqRR": " Centro de Pesquisa René Rachou",
    "CRN-Aids": " Centros de Referência Nacional de Aids",
    "CST": " Comissão de Saúde do trabalhador",
    "CT-DST": " Centros de Treinamento em Doenças Sexualmente Transmissíveis",
    "DATASUS": " Departamento de Informática do SUS",
    "DCB": " Denominação Comum Brasileira",
    "DCI": " Denominação Comum Internacional",
    "DIPAF": " Divisão Nacional de Vigilância Sanitária de Portos, Aeroportos e Fronteiras",
    "DSEI": " Distrito Sanitários Especiais Indígenas",
    "DST": " Doenças Sexualmente Transmissíveis",
    "ECA": " Estatuto da Criança e do Adolescente",
    "ENSP": " Escola Nacional de Saúde Pública",
    "EPBA": " Elenco de Procedimentos Básicos Ampliado",
    "EPSJV": " Escola Politécnica de Saúde Joaquim Venâncio",
    "ESB": " Equipes de Saúde Bucal",
    "ESF": " Equipes de Saúde da Família",
    "EUM": " Estudos de Utilização de Medicamentos",
    "FAE": " Fração Assistencial Especializada",
    "FAEC": " Fundo de Ações Estratégicas e Compensação",
    "FCT": " Ficha Cadastral de Terceiro",
    "FENAM": " Federação Nacional dos Médicos",
    "FENAPSI": " Federação Nacional dos Psicólogos",
    "FETRAMS": " Federação das Entidades e dos Trabalhadores do Ministério da Saúde",
    "FIDEPS": " Fator de Incentivo ao Desenvolvimento do Ensino e da Pesquisa em Saúde",
    "FNE": " Federação Nacional dos Enfermeiros",
    "FNS": " Fundo Nacional de Saúde",
    "FUNAD": " Fundo Nacional Antidrogas",
    "FUNASA": " Fundação Nacional de Saúde",
    "FUST": " Fundo de Universalização de Serviços de Telecomunicações",
    "GEISAT": " Grupo Executivo Interministerial de Saúde do Trabalhador",
    "GESCON": " Sistema de Gestão Financeira e de Convênios",
    "GPAB": " Gestão Plena da Atenção Básica",
    "GPABA": " Gestão Plena da Atenção Básica Ampliada",
    "GPSM": " Gestão Plena do Sistema Municipal",
    "HIV": " Vírus da Imunodeﬁ ciência Humana",
    "HOSPUB": " Sistema de Gerenciamento de Unidade Hospitalar",
    "IAPI": " Incentivo de Apoio e Diagnóstico Ambulatorial e Hospitalar à População Indígena",
    "IBAM": " Instituto Brasileiro de Administração Municipal",
    "IFF": " Instituto Fernandes Figueira",
    "IHAC": " Iniciativa Hospital Amigo da Criança",
    "INCA": " Instituto Nacional de Câncer",
    "INCQS": " Instituto Nacional de Controle e Qualidade",
    "INSS": " Instituto Nacional de Seguridade Social",
    "INTERGRASUS": " Incentivo de Integração no Sistema Único de Saúde",
    "IOC": " Instituto Oswaldo Cruz",
    "IVH-E ": " Índice de Valorização Hospitalar de Emergência",
    "IVISA": " Índice de Valorização do Impacto em Vigilância Sanitária",
    "IVR": " Índice de Valorização de Resultado",
    "LCMC": " Levantamento da Comercialização de Medicamentos",
    "LDNC": " Lista de Doenças de Notiﬁ cação Compulsória",
    "LF": " Licença de Funcionamento",
    "MP": " Medida Provisória",
    "MS": " Ministério da Saúde",
    "NAPS": " Núcleo de Assistência Psicossocial",
    "NOAS": " Norma Operacional da Assistência à Saúde",
    "NOB": " Norma Operacional Básica",
    "NOB/RH-SUS": " Norma Operacional Básica de Recursos Humanos para o SUS",
    "NR": " Norma Regulamentadora",
    "OGM": " Organismos Geneticamente Modiﬁ cados",
    "OMS": " Organização Mundial da Saúde",
    "OPAS": " Organização Pan-Americana da Saúde",
    "PAB": " Piso da Atenção Básica",
    "PABA": " Piso de Atenção Básica Ampliado",
    "PACS": " Programa de Agentes Comunitários de Saúde",
    "PAISM": " Assistência Integral à Saúde da Mulher",
    "PASNI": " Programa Nacional de AutoSuﬁ ciência Nacional em Imunobiológicos",
    "PBVS": " Piso Básico de Vigilância Sanitária",
    "PCCN": " Programa de Combate às Carências Nutricionais",
    "PCCS": " Plano de Carreira, Cargos e Salários",
    "PCE": " Piso para Consultas Especializadas",
    "PCMSO": " Programa de Controle Médico de Saúde Ocupacional",
    "PCT": " Plano Nacional de Controle da Tuberculose",
    "PDAVS": " Programa Desconcentrado de Ações de Vigilância Sanitária",
    "PDI": " Plano Diretor de Investimentos",
    "PDR": " Plano Diretor de Regionalização",
    "PHPN": " Programa de Humanização no PréNatal e Nascimento",
    "PMS": " Plano Municipal de Saúde",
    "PNASH": " Programa Nacional de Avaliação dos Serviços Hospitalares",
    "PNHAH": " Programa Nacional de Humanização da Assistência Hospitalar",
    "PNI": " Programa Nacional de Imunizações",
    "PNTN": " Programa Nacional de Triagem Neonatal",
    "POP": " Procedimento Operacional Padrão",
    "PPI": " Programação Pactuada e Integrada",
    "PPRA": " Programa de Prevenção de Riscos Ambientais",
    "PRD": " Projeto Redução de Danos",
    "PROESF": " Projeto de Expansão e Consolidação da Saúde da Família",
    "PROFAE": " Projeto de Proﬁ ssionalzação dos Trabalhadores da Área de Enfermagem",
    "PROMED": " Projeto de Incentivo a Mudanças Curriculares no Curso de Medicina",
    "PROSAD": " Programa Saúde do Adolescente",
    "PSF": " Programa Saúde da Família",
    "RAM": " Reação Adversa a Medicamentos",
    "RCA": " Repasse do Custeio Ambulatorial",
    "RDC": " Resolução de Diretoria Colegiada",
    "RE": " Resolução Especíﬁ ca",
    "REBLAS": " Rede Brasileira de Laboratórios Analíticos em Saúde",
    "REDOME": " Registros de Doadores de Medula Óssea",
    "REFORSUS": " Reforço à Reorganização do Sistema Único de Saúde",
    "RENAGENO": " Rede Nacional de Genotipagem",
    "RENAME": " Relação Nacional de Medicamentos Essenciais",
    "RENAST": " Rede Nacional de Atenção Integral à Saúde do Trabalhador",
    "RIPSA": " Rede Interagencial de Informações para a Saúde",
    "RNIS": " Rede Nacional de Informações em Saúde",
    "SADE": " Serviço de Atendimento de Demanda Espontânea",
    "SADT": " Serviços de Apoio Diagnóstico Terapêutico",
    "SAMU": " Serviços de Atendimento Móvel de Urgência",
    "SAS": " Secretaria de Atenção à Saúde",
    "SBAC": " Sistema Brasileiro de Avaliação de Conformidade",
    "SBP": " Sociedade Brasileira de Pediatria",
    "SES": " Secretaria Estadual de Saúde",
    "SI-PNI": " Sistema de Informações do Programa Nacional de Imunização",
    "SIA-SUS": " Sistema de Informações Ambulatoriais do SUS",
    "SIAB": " Sistema de Informação da Atenção Básica",
    "SIFAB": " Sistema de Acompanhamento do Incentivo à Assistência Farmacêutica Básica",
    "SIG-CAP": " Sistema de Informação para Gestão de Processos de Capacitação",
    "SIGAB": " Sistema de Gerenciamento de Unidade Ambulatorial Básica",
    "SIGAE": " Sistema de Gerenciamento de Unidade Ambulatorial Especializada",
    "SIH-SUS": " Sistema de Informações Hospitalares do SUS",
    "SIM": " Sistema de Informações sobre Mortalidade",
    "SIMAC": " Sistema de Informações de Alta e Média Complexidade",
    "SINAN": " Sistema de Informações sobre Agravos de Notiﬁ cação",
    "SINASC": " Sistema de Informações sobre Nascidos Vivos",
    "SINAVISA": " Sistema Nacional de Vigilância Sanitária",
    "SIOPS": " Sistema de Informações sobre Orçamentos Públicos em Saúde",
    "SIPAD": "Sistema Integrado de Passagens e Diárias Relatório de Viagens",
    "SIPAR": "Sistema Integrado de Protocolo e Arquivo do Ministério da Saúde",
    "SIS": " Secretaria de Gestão de Investimentos em Saúde (extinta)",
    "SISAV": " Sistema de Informações em Saúde para Acidentes e Violência",
    "SISCOLO": " Sistema de Informações do Combate ao Câncer do Colo do Útero",
    "SISCOMEX": " Sistema Integrado de Comércio Exterior",
    "SISFAF": " Sistema de Transferência Fundo a Fundo",
    "SISHIPERDIA": " Sistema de Informação de Cadastramento e Acompanhamento de Hipertensos e Diabéticos",
    "SISMAMA": " Sistema de informação do Câncer de Mama",
    "SISPRENATAL": " Sistema de Informação do Programa de Humanização do Pré-natal e Nascimento",
    "SISREG": " Sistema de Centrais de Regulação",
    "SISVAN": " Sistema de Vigilância Alimentar e Nutricional",
    "SMS": " Secretaria Municipal de Saúde",
    "SNA": " Sistema Nacional de Auditoria",
    "SNDC": " Sistema de Doenças de Notiﬁ cação Compulsória",
    "SNGPC": " Sistema Nacional de Gerenciamento de Produtos Controlados",
    "SNT": " Sistema Nacional de Transplante",
    "SNVE": " Sistema Nacional de Vigilância Epidemiológica",
    "SPS": " Secretaria de Políticas da Saúde (extinta)",
    "SUS": " Sistema Único de Saúde",
    "SUSEP": " Superintendência de Seguros Privados",
    "SVS": " Secretaria de Vigilância em Saúde ",
    "TARV": " Terapia Anti-Retroviral",
    "TAS": " Terminal de Atendimento do SUS",
    "TFA": " Tetos Financeiros da Assistência",
    "TFAE": " Teto Financeiro da Assistência do Estado",
    "TFAM": " Teto Financeiro da Assistência do Município",
    "TFD": " Tratamento Fora do Domicílio",
    "TFECD": " Tetos Financeiros da Epidemiologia e Controle de Doenças",
    "TFG": " Teto Financeiro Global",
    "TFGE": " Teto Financeiro Global do Estado",
    "TFGM": " Teto Financeiro Global do Município",
    "TFVS": " Teto Financeiro da Vigilância Sanitária",
    "TMI": " Taxa de Mortalidade Infantil",
    "UBS": " Unidade Básica de Saúde",
    "UCOFI": " Unidade de Medicamentos Controlados, Similares, Fitoterápicos e Isentos",
    "UDI": " Usuário de Drogas Injetáveis",
    "UPS": " Unidades Prestadoras de Serviços\t\t\t"
}